date,nav,amfi_code
11-06-2026,162.23510,120716
10-06-2026,162.60690,120716
09-06-2026,162.79740,120716
08-06-2026,161.96540,120716
05-06-2026,163.67130,120716
04-06-2026,163.94770,120716
03-06-2026,163.87190,120716
02-06-2026,164.41720,120716
01-06-2026,163.71320,120716
29-05-2026,164.86820,120716
27-05-2026,167.35450,120716
26-05-2026,167.40080,120716
25-05-2026,168.22630,120716
22-05-2026,165.98580,120716
21-05-2026,165.46650,120716
20-05-2026,165.49710,120716
19-05-2026,165.21130,120716
18-05-2026,165.43510,120716
15-05-2026,165.39210,120716
14-05-2026,165.60520,120716
13-05-2026,163.66960,120716
12-05-2026,163.43900,120716
11-05-2026,166.48940,120716
08-05-2026,169.01070,120716
07-05-2026,170.06370,120716
06-05-2026,170.09480,120716
05-05-2026,168.01270,120716
04-05-2026,168.61840,120716
30-04-2026,167.77110,120716
29-04-2026,169.03070,120716
28-04-2026,167.76010,120716
27-04-2026,168.43870,120716
24-04-2026,167.08010,120716
23-04-2026,168.96560,120716
22-04-2026,170.39960,120716
21-04-2026,171.78820,120716
20-04-2026,170.30890,120716
17-04-2026,170.23220,120716
16-04-2026,169.13730,120716
15-04-2026,169.37980,120716
13-04-2026,166.66520,120716
10-04-2026,168.12130,120716
09-04-2026,166.19680,120716
08-04-2026,167.75130,120716
07-04-2026,161.64670,120716
06-04-2026,160.55730,120716
02-04-2026,158.77890,120716
01-04-2026,158.54490,120716
31-03-2026,156.11600,120716
30-03-2026,156.11660,120716
27-03-2026,159.52910,120716
25-03-2026,162.93530,120716
24-03-2026,160.18190,120716
23-03-2026,157.39080,120716
20-03-2026,161.60640,120716
19-03-2026,160.82180,120716
18-03-2026,166.24570,120716
17-03-2026,164.87220,120716
16-03-2026,163.66840,120716
13-03-2026,161.86890,120716
12-03-2026,165.28130,120716
11-03-2026,166.87420,120716
10-03-2026,169.63520,120716
09-03-2026,168.00440,120716
06-03-2026,170.95990,120716
05-03-2026,173.15380,120716
04-03-2026,171.16000,120716
02-03-2026,173.85360,120716
27-02-2026,176.04380,120716
26-02-2026,178.26520,120716
25-02-2026,178.16820,120716
24-02-2026,177.76520,120716
23-02-2026,179.78080,120716
20-02-2026,178.79250,120716
19-02-2026,177.97710,120716
18-02-2026,180.52800,120716
17-02-2026,179.85360,120716
16-02-2026,179.55660,120716
13-02-2026,178.07850,120716
12-02-2026,180.42830,120716
11-02-2026,181.45390,120716
10-02-2026,181.32440,120716
09-02-2026,180.85120,120716
06-02-2026,179.61890,120716
05-02-2026,179.23690,120716
04-02-2026,180.15030,120716
03-02-2026,179.81290,120716
02-02-2026,175.34930,120716
30-01-2026,176.97470,120716
29-01-2026,177.66200,120716
28-01-2026,177.13120,120716
27-01-2026,175.96280,120716
23-01-2026,175.08180,120716
22-01-2026,176.76840,120716
21-01-2026,175.84460,120716
20-01-2026,176.36950,120716
19-01-2026,178.83670,120716
16-01-2026,179.60020,120716
14-01-2026,179.29310,120716
13-01-2026,179.76020,120716
12-01-2026,180.16590,120716
09-01-2026,179.42180,120716
08-01-2026,180.77540,120716
07-01-2026,182.61990,120716
06-01-2026,182.88620,120716
05-01-2026,183.38760,120716
02-01-2026,183.93740,120716
01-01-2026,182.66760,120716
31-12-2025,182.55060,120716
30-12-2025,181.21880,120716
29-12-2025,181.24420,120716
26-12-2025,181.94750,120716
24-12-2025,182.64690,120716
23-12-2025,182.89280,120716
22-12-2025,182.86060,120716
19-12-2025,181.42460,120716
18-12-2025,180.37140,120716
17-12-2025,180.39350,120716
16-12-2025,180.68510,120716
15-12-2025,181.85440,120716
12-12-2025,181.99500,120716
11-12-2025,180.95940,120716
10-12-2025,179.97840,120716
09-12-2025,180.55000,120716
08-12-2025,181.39590,120716
05-12-2025,182.97730,120716
04-12-2025,181.91180,120716
03-12-2025,181.57890,120716
02-12-2025,181.90280,120716
01-12-2025,182.90280,120716
28-11-2025,183.09200,120716
27-11-2025,183.17770,120716
26-11-2025,183.10350,120716
25-11-2025,180.86240,120716
24-11-2025,181.38270,120716
21-11-2025,182.14000,120716
20-11-2025,183.00360,120716
19-11-2025,182.02660,120716
18-11-2025,181.03190,120716
17-11-2025,181.75210,120716
14-11-2025,181.03270,120716
13-11-2025,180.81890,120716
12-11-2025,180.79640,120716
11-11-2025,179.53650,120716
10-11-2025,178.69520,120716
07-11-2025,178.09380,120716
06-11-2025,178.16030,120716
04-11-2025,178.77600,120716
03-11-2025,179.93240,120716
31-10-2025,179.64740,120716
30-10-2025,180.73510,120716
29-10-2025,181.96450,120716
28-10-2025,181.14400,120716
27-10-2025,181.35290,120716
24-10-2025,180.03720,120716
23-10-2025,180.70960,120716
20-10-2025,180.37510,120716
17-10-2025,179.43310,120716
16-10-2025,178.54520,120716
15-10-2025,176.71980,120716
14-10-2025,175.46090,120716
13-10-2025,176.03280,120716
10-10-2025,176.44040,120716
09-10-2025,175.71880,120716
08-10-2025,174.77340,120716
07-10-2025,175.20890,120716
06-10-2025,174.99610,120716
03-10-2025,173.71870,120716
01-10-2025,173.31630,120716
30-09-2025,171.74580,120716
26-09-2025,172.06600,120716
25-09-2025,173.71520,120716
24-09-2025,174.87480,120716
23-09-2025,175.66150,120716
22-09-2025,175.89140,120716
19-09-2025,176.76430,120716
18-09-2025,177.43880,120716
17-09-2025,176.78840,120716
16-09-2025,176.15330,120716
15-09-2025,174.96880,120716
12-09-2025,175.28350,120716
11-09-2025,174.52730,120716
10-09-2025,174.30230,120716
09-09-2025,173.57410,120716
08-09-2025,172.90830,120716
05-09-2025,172.68690,120716
04-09-2025,172.64090,120716
03-09-2025,172.47560,120716
02-09-2025,171.53180,120716
01-09-2025,171.84980,120716
29-08-2025,170.47060,120716
28-08-2025,170.98750,120716
26-08-2025,172.46060,120716
25-08-2025,174.24400,120716
22-08-2025,173.56560,120716
21-08-2025,175.05560,120716
20-08-2025,174.80690,120716
19-08-2025,174.32070,120716
18-08-2025,173.58860,120716
14-08-2025,171.88010,120716
13-08-2025,171.73530,120716
12-08-2025,170.81690,120716
11-08-2025,171.37160,120716
08-08-2025,169.82940,120716
07-08-2025,171.43790,120716
06-08-2025,171.28630,120716
05-08-2025,171.79170,120716
04-08-2025,172.30220,120716
01-08-2025,171.21160,120716
31-07-2025,172.58080,120716
30-07-2025,173.18390,120716
29-07-2025,172.94960,120716
28-07-2025,171.97700,120716
25-07-2025,173.04130,120716
24-07-2025,174.53180,120716
23-07-2025,175.61480,120716
22-07-2025,174.51280,120716
21-07-2025,174.72060,120716
18-07-2025,173.87480,120716
17-07-2025,174.77620,120716
16-07-2025,175.47510,120716
15-07-2025,175.34630,120716
14-07-2025,174.55960,120716
11-07-2025,175.03110,120716
10-07-2025,176.45070,120716
09-07-2025,177.28280,120716
08-07-2025,177.60580,120716
07-07-2025,177.17130,120716
04-07-2025,177.16300,120716
03-07-2025,176.73320,120716
02-07-2025,177.06770,120716
01-07-2025,177.68230,120716
30-06-2025,177.51150,120716
27-06-2025,178.35140,120716
26-06-2025,177.46620,120716
25-06-2025,175.35870,120716
24-06-2025,173.97030,120716
23-06-2025,173.46910,120716
20-06-2025,174.41200,120716
19-06-2025,172.19940,120716
18-06-2025,172.33060,120716
17-06-2025,172.61810,120716
16-06-2025,173.26390,120716
13-06-2025,171.68780,120716
12-06-2025,172.85510,120716
11-06-2025,174.60820,120716
10-06-2025,174.35160,120716
09-06-2025,174.33110,120716
06-06-2025,173.64010,120716
05-06-2025,171.89410,120716
04-06-2025,170.98970,120716
03-06-2025,170.38590,120716
02-06-2025,171.53060,120716
30-05-2025,171.77150,120716
29-05-2025,172.20800,120716
28-05-2025,171.63850,120716
27-05-2025,172.03830,120716
26-05-2025,173.25130,120716
23-05-2025,172.22860,120716
22-05-2025,170.54340,120716
21-05-2025,171.95550,120716
20-05-2025,171.05930,120716
19-05-2025,172.87350,120716
16-05-2025,173.39100,120716
15-05-2025,173.59120,120716
14-05-2025,170.85510,120716
13-05-2025,170.24320,120716
12-05-2025,172.64400,120716
09-05-2025,166.29450,120716
08-05-2025,168.13110,120716
07-05-2025,169.10620,120716
06-05-2025,168.86620,120716
05-05-2025,169.43160,120716
02-05-2025,168.64150,120716
30-04-2025,168.55680,120716
29-04-2025,168.56970,120716
28-04-2025,168.51900,120716
25-04-2025,166.48920,120716
24-04-2025,167.92630,120716
23-04-2025,168.49660,120716
22-04-2025,167.37740,120716
21-04-2025,167.08950,120716
17-04-2025,165.19540,120716
16-04-2025,162.32600,120716
15-04-2025,161.57420,120716
11-04-2025,158.11500,120716
09-04-2025,155.14260,120716
08-04-2025,156.09010,120716
07-04-2025,153.49790,120716
04-04-2025,158.64680,120716
03-04-2025,161.04140,120716
02-04-2025,161.61170,120716
01-04-2025,160.45780,120716
31-03-2025,162.90780,120716
28-03-2025,162.90880,120716
27-03-2025,163.41570,120716
26-03-2025,162.69770,120716
25-03-2025,163.95940,120716
24-03-2025,163.88850,120716
21-03-2025,161.75810,120716
20-03-2025,160.65130,120716
19-03-2025,158.69210,120716
18-03-2025,158.18490,120716
17-03-2025,155.93190,120716
13-03-2025,155.16210,120716
12-03-2025,155.67080,120716
11-03-2025,155.86130,120716
10-03-2025,155.59360,120716
07-03-2025,156.23460,120716
06-03-2025,156.17990,120716
05-03-2025,154.74460,120716
04-03-2025,152.98220,120716
03-03-2025,153.23690,120716
28-02-2025,153.27710,120716
27-02-2025,156.18830,120716
25-02-2025,156.20720,120716
24-02-2025,156.24810,120716
21-02-2025,157.92890,120716
20-02-2025,158.74120,120716
19-02-2025,158.87890,120716
18-02-2025,158.96560,120716
17-02-2025,159.06460,120716
14-02-2025,158.85780,120716
13-02-2025,159.56390,120716
12-02-2025,159.66040,120716
11-02-2025,159.75160,120716
10-02-2025,161.89630,120716
07-02-2025,163.13260,120716
06-02-2025,163.37370,120716
05-02-2025,164.00030,120716
04-02-2025,164.29860,120716
03-02-2025,161.68280,120716
31-01-2025,162.70440,120716
30-01-2025,160.87230,120716
29-01-2025,160.27580,120716
28-01-2025,158.83650,120716
27-01-2025,157.95170,120716
24-01-2025,159.77300,120716
23-01-2025,160.55620,120716
22-01-2025,160.21120,120716
21-01-2025,159.30880,120716
20-01-2025,161.52250,120716
17-01-2025,160.54630,120716
16-01-2025,161.14900,120716
15-01-2025,160.46860,120716
14-01-2025,160.21300,120716
13-01-2025,159.59120,120716
10-01-2025,161.98190,120716
09-01-2025,162.63960,120716
08-01-2025,163.76350,120716
07-01-2025,163.89560,120716
06-01-2025,163.26110,120716
03-01-2025,165.95070,120716
02-01-2025,167.22310,120716
01-01-2025,164.14200,120716
31-12-2024,163.46480,120716
30-12-2024,163.46640,120716
27-12-2024,164.63390,120716
26-12-2024,164.19690,120716
24-12-2024,164.04260,120716
23-12-2024,164.22200,120716
20-12-2024,163.07700,120716
19-12-2024,165.59620,120716
18-12-2024,167.30630,120716
17-12-2024,168.25580,120716
16-12-2024,170.55380,120716
13-12-2024,171.24840,120716
12-12-2024,169.73080,120716
11-12-2024,170.37520,120716
10-12-2024,170.15680,120716
09-12-2024,170.21970,120716
06-12-2024,170.62860,120716
05-12-2024,170.84120,120716
04-12-2024,169.17590,120716
03-12-2024,169.10590,120716
02-12-2024,167.85450,120716
29-11-2024,166.85480,120716
28-11-2024,165.35580,120716
27-11-2024,167.85060,120716
26-11-2024,167.29580,120716
25-11-2024,167.48610,120716
22-11-2024,165.31370,120716
21-11-2024,161.46180,120716
19-11-2024,162.62850,120716
18-11-2024,162.17960,120716
14-11-2024,162.72820,120716
13-11-2024,162.88020,120716
12-11-2024,165.12250,120716
11-11-2024,166.90520,120716
08-11-2024,166.95560,120716
07-11-2024,167.30960,120716
06-11-2024,169.26650,120716
05-11-2024,167.36010,120716
04-11-2024,165.85780,120716
31-10-2024,167.31210,120716
30-10-2024,168.21620,120716
29-10-2024,169.08720,120716
28-10-2024,168.08970,120716
25-10-2024,166.99890,120716
24-10-2024,168.50980,120716
23-10-2024,168.75990,120716
22-10-2024,169.01370,120716
21-10-2024,171.12910,120716
18-10-2024,171.63570,120716
17-10-2024,170.90170,120716
16-10-2024,172.43180,120716
15-10-2024,173.02710,120716
14-10-2024,173.51540,120716
11-10-2024,172.38760,120716
10-10-2024,172.62500,120716
09-10-2024,172.51200,120716
08-10-2024,172.72860,120716
07-10-2024,171.22920,120716
04-10-2024,172.74310,120716
03-10-2024,174.37000,120716
01-10-2024,178.14780,120716
30-09-2024,178.24510,120716
27-09-2024,180.78990,120716
26-09-2024,181.05830,120716
25-09-2024,179.59570,120716
24-09-2024,179.15630,120716
23-09-2024,179.14780,120716
20-09-2024,178.12750,120716
19-09-2024,175.53720,120716
18-09-2024,175.27370,120716
17-09-2024,175.55770,120716
16-09-2024,175.31840,120716
13-09-2024,175.13290,120716
12-09-2024,175.35760,120716
11-09-2024,172.10830,120716
10-09-2024,172.95620,120716
09-09-2024,172.23410,120716
06-09-2024,171.65500,120716
05-09-2024,173.67910,120716
04-09-2024,174.05030,120716
03-09-2024,174.61130,120716
02-09-2024,174.60440,120716
30-08-2024,174.31170,120716
29-08-2024,173.73390,120716
28-08-2024,173.04890,120716
27-08-2024,172.81130,120716
26-08-2024,172.76290,120716
23-08-2024,171.47290,120716
22-08-2024,171.37840,120716
21-08-2024,171.09450,120716
20-08-2024,170.60330,120716
19-08-2024,169.73430,120716
16-08-2024,169.46720,120716
14-08-2024,166.69100,120716
13-08-2024,166.65900,120716
12-08-2024,168.09500,120716
09-08-2024,168.12890,120716
08-08-2024,166.39790,120716
07-08-2024,167.64150,120716
06-08-2024,165.47580,120716
05-08-2024,165.90530,120716
02-08-2024,170.45150,120716
01-08-2024,172.42820,120716
31-07-2024,172.00990,120716
30-07-2024,171.36540,120716
29-07-2024,171.20760,120716
26-07-2024,171.20180,120716
25-07-2024,168.25440,120716
24-07-2024,168.30620,120716
23-07-2024,168.75820,120716
22-07-2024,168.94020,120716
19-07-2024,169.09150,120716
18-07-2024,170.92760,120716
16-07-2024,169.63880,120716
15-07-2024,169.44490,120716
12-07-2024,168.86630,120716
11-07-2024,167.57490,120716
10-07-2024,167.63430,120716
09-07-2024,168.38280,120716
08-07-2024,167.59880,120716
05-07-2024,167.62420,120716
04-07-2024,167.44450,120716
03-07-2024,167.33820,120716
02-07-2024,166.22200,120716
01-07-2024,166.34750,120716
28-06-2024,165.44840,120716
27-06-2024,165.66480,120716
26-06-2024,164.45440,120716
25-06-2024,163.44270,120716
24-06-2024,162.18400,120716
21-06-2024,161.93410,120716
20-06-2024,162.36750,120716
19-06-2024,161.96620,120716
18-06-2024,162.24830,120716
14-06-2024,161.61790,120716
13-06-2024,161.10590,120716
12-06-2024,160.58540,120716
11-06-2024,160.18750,120716
10-06-2024,160.11320,120716
07-06-2024,160.32820,120716
06-06-2024,157.11030,120716
05-06-2024,155.73310,120716
04-06-2024,150.69440,120716
03-06-2024,160.05370,120716
31-05-2024,155.02580,120716
30-05-2024,154.58240,120716
29-05-2024,156.06500,120716
28-05-2024,157.32360,120716
27-05-2024,157.62830,120716
24-05-2024,157.80000,120716
23-05-2024,157.86570,120716
22-05-2024,155.32960,120716
21-05-2024,154.77700,120716
17-05-2024,154.34880,120716
16-05-2024,153.92250,120716
15-05-2024,152.48530,120716
14-05-2024,152.60480,120716
13-05-2024,151.82560,120716
10-05-2024,151.49360,120716
09-05-2024,150.59650,120716
08-05-2024,152.96420,120716
07-05-2024,152.96530,120716
06-05-2024,153.89790,120716
03-05-2024,154.12780,120716
02-05-2024,155.31040,120716
30-04-2024,155.01530,120716
29-04-2024,155.28040,120716
26-04-2024,153.75080,120716
25-04-2024,154.78360,120716
24-04-2024,153.63240,120716
23-04-2024,153.39740,120716
22-04-2024,153.18150,120716
19-04-2024,151.88540,120716
18-04-2024,150.84990,120716
16-04-2024,151.89390,120716
15-04-2024,152.74970,120716
12-04-2024,154.44610,120716
10-04-2024,156.04840,120716
09-04-2024,155.28790,120716
08-04-2024,155.45040,120716
05-04-2024,154.40660,120716
04-04-2024,154.41400,120716
03-04-2024,153.86710,120716
02-04-2024,153.99640,120716
01-04-2024,154.05810,120716
31-03-2024,153.13510,120716
28-03-2024,153.14250,120716
27-03-2024,151.74500,120716
26-03-2024,150.93310,120716
22-03-2024,151.57270,120716
21-03-2024,150.99200,120716
20-03-2024,149.80760,120716
19-03-2024,149.66010,120716
18-03-2024,151.29950,120716
15-03-2024,151.08030,120716
14-03-2024,151.92530,120716
13-03-2024,150.90450,120716
12-03-2024,153.22500,120716
11-03-2024,153.20510,120716
07-03-2024,154.31250,120716
06-03-2024,154.17960,120716
05-03-2024,153.37250,120716
04-03-2024,153.71200,120716
01-03-2024,153.25610,120716
29-02-2024,150.81550,120716
28-02-2024,150.59950,120716
27-02-2024,152.29520,120716
26-02-2024,151.77300,120716
23-02-2024,152.39660,120716
22-02-2024,152.43060,120716
21-02-2024,151.31800,120716
20-02-2024,152.29110,120716
19-02-2024,151.76010,120716
16-02-2024,151.20390,120716
15-02-2024,150.28960,120716
14-02-2024,149.77030,120716
13-02-2024,149.10810,120716
12-02-2024,148.23670,120716
09-02-2024,149.37940,120716
08-02-2024,148.92320,120716
07-02-2024,150.29370,120716
06-02-2024,150.28780,120716
05-02-2024,149.19230,120716
02-02-2024,149.75740,120716
01-02-2024,148.68630,120716
31-01-2024,148.88070,120716
30-01-2024,147.48690,120716
29-01-2024,148.96410,120716
25-01-2024,146.33020,120716
24-01-2024,147.02630,120716
23-01-2024,145.55080,120716
19-01-2024,148.18230,120716
18-01-2024,147.02340,120716
17-01-2024,147.77620,120716
16-01-2024,150.92910,120716
15-01-2024,151.37620,120716
12-01-2024,149.98660,120716
11-01-2024,148.29300,120716
10-01-2024,148.09860,120716
09-01-2024,147.59390,120716
08-01-2024,147.37670,120716
05-01-2024,148.73480,120716
04-01-2024,148.37790,120716
03-01-2024,147.41080,120716
02-01-2024,148.42920,120716
01-01-2024,148.95150,120716
29-12-2023,148.88170,120716
28-12-2023,149.20650,120716
27-12-2023,148.36190,120716
26-12-2023,146.90000,120716
22-12-2023,146.27310,120716
21-12-2023,145.62750,120716
20-12-2023,144.90970,120716
19-12-2023,146.98620,120716
18-12-2023,146.75070,120716
15-12-2023,147.01360,120716
14-12-2023,145.13740,120716
13-12-2023,143.38200,120716
12-12-2023,143.24610,120716
11-12-2023,143.86880,120716
08-12-2023,143.68110,120716
07-12-2023,143.21430,120716
06-12-2023,143.46600,120716
05-12-2023,142.90090,120716
04-12-2023,141.75020,120716
01-12-2023,138.88120,120716
30-11-2023,137.95920,120716
29-11-2023,137.71010,120716
28-11-2023,136.29500,120716
24-11-2023,135.64760,120716
23-11-2023,135.69860,120716
22-11-2023,135.76680,120716
21-11-2023,135.57300,120716
20-11-2023,134.96200,120716
17-11-2023,135.22320,120716
16-11-2023,135.45310,120716
15-11-2023,134.81070,120716
13-11-2023,133.22520,120716
10-11-2023,133.10300,120716
09-11-2023,132.89810,120716
08-11-2023,133.22920,120716
07-11-2023,132.97810,120716
06-11-2023,133.01400,120716
03-11-2023,131.77650,120716
02-11-2023,131.09110,120716
01-11-2023,130.06940,120716
31-10-2023,130.68120,120716
30-10-2023,131.10170,120716
27-10-2023,130.46390,120716
26-10-2023,129.16210,120716
25-10-2023,130.97550,120716
23-10-2023,131.96880,120716
20-10-2023,133.75600,120716
19-10-2023,134.29830,120716
18-10-2023,134.60220,120716
17-10-2023,135.56500,120716
16-10-2023,135.02020,120716
13-10-2023,135.15440,120716
12-10-2023,135.44920,120716
11-10-2023,135.56870,120716
10-10-2023,134.73840,120716
09-10-2023,133.52460,120716
06-10-2023,134.49280,120716
05-10-2023,133.75590,120716
04-10-2023,133.00680,120716
03-10-2023,133.64180,120716
29-09-2023,134.39500,120716
27-09-2023,134.93220,120716
26-09-2023,134.57890,120716
25-09-2023,134.64710,120716
22-09-2023,134.64730,120716
21-09-2023,135.11430,120716
20-09-2023,136.20390,120716
18-09-2023,137.79250,120716
15-09-2023,138.19910,120716
14-09-2023,137.58900,120716
13-09-2023,137.36330,120716
12-09-2023,136.83810,120716
11-09-2023,136.86050,120716
08-09-2023,135.65590,120716
07-09-2023,135.02130,120716
06-09-2023,134.22810,120716
05-09-2023,133.98630,120716
04-09-2023,133.67220,120716
01-09-2023,133.03510,120716
31-08-2023,131.79590,120716
30-08-2023,132.43700,120716
29-08-2023,132.40500,120716
28-08-2023,132.15610,120716
25-08-2023,131.88350,120716
24-08-2023,132.71030,120716
23-08-2023,133.10250,120716
22-08-2023,132.77840,120716
21-08-2023,132.75970,120716
18-08-2023,132.14330,120716
17-08-2023,132.50200,120716
16-08-2023,133.18450,120716
14-08-2023,132.97800,120716
11-08-2023,132.92230,120716
10-08-2023,133.65070,120716
09-08-2023,134.26080,120716
08-08-2023,133.75560,120716
07-08-2023,133.93670,120716
04-08-2023,133.39260,120716
03-08-2023,132.46800,120716
02-08-2023,133.43000,120716
01-08-2023,134.78480,120716
31-07-2023,134.92380,120716
28-07-2023,134.19180,120716
27-07-2023,134.26860,120716
26-07-2023,135.06180,120716
25-07-2023,134.39730,120716
24-07-2023,134.34180,120716
21-07-2023,134.83850,120716
20-07-2023,136.42730,120716
19-07-2023,135.40270,120716
18-07-2023,134.83200,120716
17-07-2023,134.57510,120716
14-07-2023,133.57680,120716
13-07-2023,132.52870,120716
12-07-2023,132.26870,120716
11-07-2023,132.64580,120716
10-07-2023,132.06530,120716
07-07-2023,131.90360,120716
06-07-2023,133.02620,120716
05-07-2023,132.35430,120716
04-07-2023,132.29000,120716
03-07-2023,131.83850,120716
30-06-2023,130.93110,120716
28-06-2023,129.44430,120716
27-06-2023,128.39370,120716
26-06-2023,127.53640,120716
23-06-2023,127.36390,120716
22-06-2023,128.08520,120716
21-06-2023,128.66900,120716
20-06-2023,128.39650,120716
19-06-2023,127.98080,120716
16-06-2023,128.43210,120716
15-06-2023,127.49200,120716
14-06-2023,127.91590,120716
13-06-2023,127.64670,120716
12-06-2023,126.86840,120716
09-06-2023,126.61150,120716
08-06-2023,127.08080,120716
07-06-2023,127.70620,120716
06-06-2023,126.84180,120716
05-06-2023,126.80740,120716
02-06-2023,126.40370,120716
01-06-2023,125.97840,120716
31-05-2023,126.29600,120716
30-05-2023,126.90590,120716
29-05-2023,126.66760,120716
26-05-2023,125.99410,120716
25-05-2023,124.78370,120716
24-05-2023,124.54160,120716
23-05-2023,124.96810,120716
22-05-2023,124.74010,120716
19-05-2023,123.98770,120716
18-05-2023,123.48120,120716
17-05-2023,123.83400,120716
16-05-2023,124.54710,120716
15-05-2023,125.05830,120716
12-05-2023,124.48850,120716
11-05-2023,124.36820,120716
10-05-2023,124.49190,120716
09-05-2023,124.15840,120716
08-05-2023,124.14880,120716
05-05-2023,122.82230,120716
04-05-2023,124.09200,120716
03-05-2023,122.96550,120716
02-05-2023,123.35900,120716
28-04-2023,122.79980,120716
27-04-2023,121.75240,120716
26-04-2023,121.06390,120716
25-04-2023,120.76290,120716
24-04-2023,120.58780,120716
21-04-2023,119.77920,120716
20-04-2023,119.77690,120716
19-04-2023,119.73870,120716
18-04-2023,120.02070,120716
17-04-2023,120.33870,120716
13-04-2023,121.16440,120716
12-04-2023,121.04610,120716
11-04-2023,120.43500,120716
10-04-2023,119.76790,120716
06-04-2023,119.60220,120716
05-04-2023,119.31720,120716
03-04-2023,118.23870,120716
31-03-2023,117.98000,120716
29-03-2023,116.08670,120716
28-03-2023,115.21350,120716
27-03-2023,115.44580,120716
24-03-2023,115.17130,120716
23-03-2023,116.06920,120716
22-03-2023,116.57970,120716
21-03-2023,116.27870,120716
20-03-2023,115.46970,120716
17-03-2023,116.23130,120716
16-03-2023,115.45440,120716
15-03-2023,115.36240,120716
14-03-2023,115.84640,120716
13-03-2023,116.60160,120716
10-03-2023,118.36190,120716
09-03-2023,119.56360,120716
08-03-2023,120.68410,120716
06-03-2023,120.39380,120716
03-03-2023,119.60060,120716
02-03-2023,117.75300,120716
01-03-2023,118.62940,120716
28-02-2023,117.63250,120716
27-02-2023,118.23650,120716
24-02-2023,118.73460,120716
23-02-2023,119.04280,120716
22-02-2023,119.33590,120716
21-02-2023,121.18480,120716
20-02-2023,121.30720,120716
17-02-2023,121.98500,120716
16-02-2023,122.60800,120716
15-02-2023,122.47300,120716
14-02-2023,121.80910,120716
13-02-2023,120.73030,120716
10-02-2023,121.31350,120716
09-02-2023,121.56490,120716
08-02-2023,121.41840,120716
07-02-2023,120.38760,120716
06-02-2023,120.68090,120716
03-02-2023,121.29020,120716
02-02-2023,119.63830,120716
01-02-2023,119.67920,120716
31-01-2023,119.99150,120716
30-01-2023,119.90280,120716
27-01-2023,119.60220,120716
25-01-2023,121.55620,120716
24-01-2023,123.09260,120716
23-01-2023,123.09270,120716
20-01-2023,122.47750,120716
19-01-2023,123.02240,120716
18-01-2023,123.39720,120716
17-01-2023,122.63810,120716
16-01-2023,121.56330,120716
13-01-2023,121.98450,120716
12-01-2023,121.31640,120716
11-01-2023,121.57190,120716
10-01-2023,121.69820,120716
09-01-2023,122.96880,120716
06-01-2023,121.32960,120716
05-01-2023,122.23230,120716
04-01-2023,122.57820,120716
03-01-2023,123.86660,120716
02-01-2023,123.62910,120716
30-12-2022,123.00440,120716
29-12-2022,123.58790,120716
28-12-2022,123.12430,120716
27-12-2022,123.19150,120716
26-12-2022,122.39260,120716
23-12-2022,120.98260,120716
22-12-2022,123.16110,120716
21-12-2022,123.64900,120716
20-12-2022,124.91420,120716
19-12-2022,125.15410,120716
16-12-2022,124.12740,120716
15-12-2022,125.11910,120716
14-12-2022,126.78940,120716
13-12-2022,126.43480,120716
12-12-2022,125.68270,120716
09-12-2022,125.68050,120716
08-12-2022,126.44740,120716
07-12-2022,126.11630,120716
06-12-2022,126.67530,120716
05-12-2022,127.07210,120716
02-12-2022,127.04060,120716
01-12-2022,127.83210,120716
30-11-2022,127.46530,120716
29-11-2022,126.51370,120716
28-11-2022,126.13890,120716
25-11-2022,125.80120,120716
24-11-2022,125.60730,120716
23-11-2022,124.13700,120716
22-11-2022,123.98170,120716
21-11-2022,123.41020,120716
18-11-2022,124.41450,120716
17-11-2022,124.66120,120716
16-11-2022,125.10820,120716
15-11-2022,125.06670,120716
14-11-2022,124.56380,120716
11-11-2022,124.70590,120716
10-11-2022,122.52280,120716
09-11-2022,123.39880,120716
07-11-2022,123.69350,120716
04-11-2022,123.11420,120716
03-11-2022,122.67760,120716
02-11-2022,122.88270,120716
01-11-2022,123.30810,120716
31-10-2022,122.38120,120716
28-10-2022,120.84390,120716
27-10-2022,120.50600,120716
25-10-2022,119.86740,120716
21-10-2022,119.32630,120716
20-10-2022,119.24320,120716
19-10-2022,118.89330,120716
18-10-2022,118.70620,120716
17-10-2022,117.51780,120716
14-10-2022,116.65120,120716
13-10-2022,115.48860,120716
12-10-2022,116.23090,120716
11-10-2022,115.28110,120716
10-10-2022,117.02950,120716
07-10-2022,117.53120,120716
06-10-2022,117.64820,120716
04-10-2022,117.25950,120716
03-10-2022,114.62880,120716
30-09-2022,116.03540,120716
29-09-2022,114.16090,120716
28-09-2022,114.43990,120716
27-09-2022,115.44970,120716
26-09-2022,115.51090,120716
23-09-2022,117.62460,120716
22-09-2022,119.67860,120716
21-09-2022,120.27970,120716
20-09-2022,120.94470,120716
19-09-2022,119.62850,120716
16-09-2022,119.01030,120716
15-09-2022,121.36150,120716
14-09-2022,122.21990,120716
13-09-2022,122.67050,120716
12-09-2022,121.76320,120716
09-09-2022,121.06540,120716
08-09-2022,120.83160,120716
07-09-2022,119.64950,120716
06-09-2022,119.86170,120716
05-09-2022,119.93170,120716
02-09-2022,119.07740,120716
01-09-2022,119.10080,120716
30-08-2022,120.57040,120716
29-08-2022,117.54500,120716
26-08-2022,119.21430,120716
25-08-2022,118.96790,120716
24-08-2022,119.52780,120716
23-08-2022,119.34240,120716
22-08-2022,118.75470,120716
19-08-2022,120.57100,120716
18-08-2022,121.88740,120716
17-08-2022,121.74150,120716
16-08-2022,120.93710,120716
12-08-2022,120.07820,120716
11-08-2022,119.80950,120716
10-08-2022,118.92660,120716
08-08-2022,118.84060,120716
05-08-2022,117.92050,120716
04-08-2022,117.81610,120716
03-08-2022,117.85890,120716
02-08-2022,117.55850,120716
01-08-2022,117.51580,120716
29-07-2022,116.27610,120716
28-07-2022,114.72910,120716
27-07-2022,112.78310,120716
26-07-2022,111.69950,120716
25-07-2022,112.69460,120716
22-07-2022,113.29450,120716
21-07-2022,112.52380,120716
20-07-2022,111.88380,120716
19-07-2022,110.66600,120716
18-07-2022,110.23170,120716
15-07-2022,108.68450,120716
14-07-2022,107.93710,120716
13-07-2022,108.09150,120716
12-07-2022,108.71010,120716
11-07-2022,109.77640,120716
08-07-2022,109.80370,120716
07-07-2022,109.20750,120716
06-07-2022,108.23840,120716
05-07-2022,107.03060,120716
04-07-2022,107.19690,120716
01-07-2022,106.61100,120716
30-06-2022,106.80220,120716
29-06-2022,106.89320,120716
28-06-2022,107.23820,120716
27-06-2022,107.11690,120716
24-06-2022,106.22430,120716
23-06-2022,105.26440,120716
22-06-2022,104.29980,120716
21-06-2022,105.81750,120716
20-06-2022,103.87370,120716
17-06-2022,103.48350,120716
16-06-2022,103.93650,120716
15-06-2022,106.16960,120716
14-06-2022,106.34970,120716
13-06-2022,106.63540,120716
10-06-2022,109.51620,120716
09-06-2022,111.37710,120716
08-06-2022,110.54140,120716
07-06-2022,110.94640,120716
06-06-2022,111.97860,120716
03-06-2022,112.07980,120716
02-06-2022,112.37480,120716
01-06-2022,111.66740,120716
31-05-2022,112.08410,120716
30-05-2022,112.42610,120716
27-05-2022,110.34800,120716
26-05-2022,109.12210,120716
25-05-2022,108.06730,120716
24-05-2022,108.65990,120716
23-05-2022,109.26320,120716
20-05-2022,109.61140,120716
19-05-2022,106.53990,120716
18-05-2022,109.44210,120716
17-05-2022,109.57120,120716
16-05-2022,106.76640,120716
13-05-2022,106.36370,120716
12-05-2022,106.53840,120716
11-05-2022,108.85220,120716
10-05-2022,109.34410,120716
09-05-2022,109.76040,120716
06-05-2022,110.49830,120716
05-05-2022,112.32360,120716
04-05-2022,112.29080,120716
02-05-2022,114.92710,120716
29-04-2022,115.15460,120716
28-04-2022,116.11430,120716
27-04-2022,114.69500,120716
26-04-2022,115.78860,120716
25-04-2022,114.12750,120716
22-04-2022,115.59770,120716
21-04-2022,117.08340,120716
20-04-2022,115.35590,120716
19-04-2022,114.15970,120716
18-04-2022,115.60490,120716
13-04-2022,117.64060,120716
12-04-2022,118.01040,120716
11-04-2022,118.98500,120716
08-04-2022,119.72390,120716
07-04-2022,118.74990,120716
06-04-2022,119.88150,120716
05-04-2022,120.88890,120716
04-04-2022,121.52380,120716
01-04-2022,118.94640,120716
31-03-2022,117.56250,120716
30-03-2022,117.78870,120716
29-03-2022,116.62730,120716
28-03-2022,115.93100,120716
25-03-2022,115.46830,120716
24-03-2022,115.93860,120716
23-03-2022,116.09390,120716
22-03-2022,116.56430,120716
21-03-2022,115.23360,120716
17-03-2022,116.37720,120716
16-03-2022,114.27990,120716
15-03-2022,112.17790,120716
14-03-2022,113.58100,120716
11-03-2022,111.96130,120716
10-03-2022,111.72420,120716
09-03-2022,110.04720,120716
08-03-2022,107.81810,120716
07-03-2022,106.80990,120716
04-03-2022,109.38480,120716
03-03-2022,111.08560,120716
02-03-2022,111.81240,120716
28-02-2022,113.07970,120716
25-02-2022,112.16850,120716
24-02-2022,109.41510,120716
23-02-2022,114.90140,120716
22-02-2022,115.09700,120716
21-02-2022,115.86780,120716
18-02-2022,116.30080,120716
17-02-2022,116.49140,120716
16-02-2022,116.61060,120716
15-02-2022,116.78530,120716
14-02-2022,113.36210,120716
11-02-2022,116.86690,120716
10-02-2022,118.42150,120716
09-02-2022,117.45950,120716
08-02-2022,116.11100,120716
07-02-2022,115.75490,120716
04-02-2022,117.78940,120716
03-02-2022,118.08520,120716
02-02-2022,119.53380,120716
01-02-2022,118.17110,120716
31-01-2022,116.58000,120716
28-01-2022,114.98310,120716
27-01-2022,115.03930,120716
25-01-2022,116.16750,120716
24-01-2022,115.30310,120716
21-01-2022,118.45010,120716
20-01-2022,119.38930,120716
19-01-2022,120.59310,120716
18-01-2022,121.75670,120716
17-01-2022,123.06840,120716
14-01-2022,122.71890,120716
13-01-2022,122.73320,120716
12-01-2022,122.42860,120716
11-01-2022,121.37680,120716
10-01-2022,121.02470,120716
07-01-2022,119.74590,120716
06-01-2022,119.29760,120716
05-01-2022,120.50510,120716
04-01-2022,119.69830,120716
03-01-2022,118.48500,120716
31-12-2021,116.66130,120716
30-12-2021,115.65330,120716
29-12-2021,115.72100,120716
28-12-2021,115.85370,120716
27-12-2021,114.86700,120716
24-12-2021,114.31470,120716
23-12-2021,114.77780,120716
22-12-2021,113.99150,120716
21-12-2021,112.71640,120716
20-12-2021,111.66710,120716
17-12-2021,114.16400,120716
16-12-2021,115.93310,120716
15-12-2021,115.75290,120716
14-12-2021,116.44910,120716
13-12-2021,116.74140,120716
10-12-2021,117.70390,120716
09-12-2021,117.74220,120716
08-12-2021,117.42640,120716
07-12-2021,115.45880,120716
06-12-2021,113.68500,120716
03-12-2021,115.59830,120716
02-12-2021,116.97380,120716
01-12-2021,115.39650,120716
30-11-2021,114.16370,120716
29-11-2021,114.63920,120716
26-11-2021,114.45600,120716
25-11-2021,117.88290,120716
24-11-2021,117.06970,120716
23-11-2021,117.66240,120716
22-11-2021,117.08070,120716
18-11-2021,119.39200,120716
17-11-2021,120.29160,120716
16-11-2021,120.96740,120716
15-11-2021,121.70890,120716
12-11-2021,121.66610,120716
11-11-2021,120.12820,120716
10-11-2021,121.06680,120716
09-11-2021,121.24910,120716
08-11-2021,121.41290,120716
03-11-2021,119.81060,120716
02-11-2021,120.21230,120716
01-11-2021,120.47180,120716
29-10-2021,118.74210,120716
28-10-2021,119.98900,120716
27-10-2021,122.36050,120716
26-10-2021,122.74860,120716
25-10-2021,121.67680,120716
22-10-2021,121.60910,120716
21-10-2021,122.03380,120716
20-10-2021,122.61150,120716
19-10-2021,123.63300,120716
18-10-2021,124.02430,120716
14-10-2021,123.09790,120716
13-10-2021,121.90150,120716
12-10-2021,120.76380,120716
11-10-2021,120.45620,120716
08-10-2021,120.11760,120716
07-10-2021,119.41560,120716
06-10-2021,118.44860,120716
05-10-2021,119.63170,120716
04-10-2021,118.74260,120716
01-10-2021,117.67550,120716
30-09-2021,118.25450,120716
29-09-2021,118.88070,120716
28-09-2021,119.13230,120716
27-09-2021,119.84840,120716
24-09-2021,119.83740,120716
23-09-2021,119.63590,120716
22-09-2021,117.78550,120716
21-09-2021,117.88970,120716
20-09-2021,116.78350,120716
17-09-2021,118.04740,120716
16-09-2021,118.34580,120716
15-09-2021,117.60800,120716
14-09-2021,116.67410,120716
13-09-2021,116.50920,120716
09-09-2021,116.60520,120716
08-09-2021,116.50030,120716
07-09-2021,116.50990,120716
06-09-2021,116.61620,120716
03-09-2021,116.25520,120716
02-09-2021,115.65500,120716
01-09-2021,114.58490,120716
31-08-2021,114.96080,120716
30-08-2021,113.61300,120716
27-08-2021,112.10050,120716
26-08-2021,111.64280,120716
25-08-2021,111.62810,120716
24-08-2021,111.56200,120716
23-08-2021,110.70340,120716
20-08-2021,110.39330,120716
18-08-2021,111.18820,120716
17-08-2021,111.49560,120716
16-08-2021,111.14130,120716
13-08-2021,110.91540,120716
12-08-2021,109.81290,120716
11-08-2021,109.25110,120716
10-08-2021,109.23550,120716
09-08-2021,109.09010,120716
06-08-2021,108.95040,120716
05-08-2021,109.32870,120716
04-08-2021,109.07470,120716
03-08-2021,108.21870,120716
02-08-2021,106.57450,120716
30-07-2021,105.75250,120716
29-07-2021,105.85660,120716
28-07-2021,105.37370,120716
27-07-2021,105.58900,120716
26-07-2021,106.10180,120716
23-07-2021,106.31480,120716
22-07-2021,106.07280,120716
20-07-2021,104.78030,120716
19-07-2021,105.58510,120716
16-07-2021,106.73000,120716
15-07-2021,106.73590,120716
14-07-2021,106.24260,120716
13-07-2021,105.95700,120716
12-07-2021,105.15680,120716
09-07-2021,105.13980,120716
08-07-2021,105.39060,120716
07-07-2021,106.37330,120716
06-07-2021,105.96370,120716
05-07-2021,106.07230,120716
02-07-2021,105.31450,120716
01-07-2021,105.03430,120716
30-06-2021,105.31240,120716
29-06-2021,105.49010,120716
28-06-2021,105.88970,120716
25-06-2021,106.19650,120716
24-06-2021,105.73050,120716
23-06-2021,105.03450,120716
22-06-2021,105.60810,120716
21-06-2021,105.43360,120716
18-06-2021,105.01390,120716
17-06-2021,105.06890,120716
16-06-2021,105.54760,120716
15-06-2021,106.22680,120716
14-06-2021,105.84460,120716
11-06-2021,105.74000,120716
10-06-2021,105.29510,120716
09-06-2021,104.52160,120716
08-06-2021,105.22040,120716
07-06-2021,105.29860,120716
04-06-2021,104.75760,120716
03-06-2021,104.89230,120716
02-06-2021,104.10850,120716
01-06-2021,104.10000,120716
31-05-2021,104.15380,120716
28-05-2021,103.02410,120716
27-05-2021,102.37220,120716
26-05-2021,102.13000,120716
25-05-2021,101.51000,120716
24-05-2021,101.40740,120716
21-05-2021,101.25940,120716
20-05-2021,99.46090,120716
19-05-2021,100.28960,120716
18-05-2021,100.81020,120716
17-05-2021,99.57720,120716
14-05-2021,97.94260,120716
12-05-2021,98.06870,120716
11-05-2021,99.09790,120716
10-05-2021,99.70950,120716
07-05-2021,98.91600,120716
06-05-2021,98.26140,120716
05-05-2021,97.54820,120716
04-05-2021,96.73960,120716
03-05-2021,97.65800,120716
30-04-2021,97.63940,120716
29-04-2021,99.39850,120716
28-04-2021,99.16520,120716
27-04-2021,97.75540,120716
26-04-2021,96.63440,120716
23-04-2021,95.67800,120716
22-04-2021,96.11100,120716
20-04-2021,95.38020,120716
19-04-2021,95.80070,120716
16-04-2021,97.52480,120716
15-04-2021,97.28500,120716
13-04-2021,96.77540,120716
12-04-2021,95.48030,120716
09-04-2021,98.97850,120716
08-04-2021,99.23900,120716
07-04-2021,98.86210,120716
06-04-2021,97.95870,120716
05-04-2021,97.65430,120716
01-04-2021,99.18670,120716
31-03-2021,98.00920,120716
30-03-2021,99.03620,120716
26-03-2021,96.78920,120716
25-03-2021,95.57520,120716
24-03-2021,97.06720,120716
23-03-2021,98.83750,120716
22-03-2021,98.30330,120716
19-03-2021,98.34700,120716
18-03-2021,97.10670,120716
17-03-2021,98.19560,120716
16-03-2021,99.45810,120716
15-03-2021,99.58570,120716
12-03-2021,100.24590,120716
10-03-2021,101.20600,120716
09-03-2021,100.69770,120716
08-03-2021,99.75080,120716
05-03-2021,99.61470,120716
04-03-2021,100.56570,120716
03-03-2021,101.66530,120716
02-03-2021,99.49270,120716
01-03-2021,98.44380,120716
26-02-2021,96.89560,120716
25-02-2021,100.68180,120716
24-02-2021,99.91440,120716
23-02-2021,98.08570,120716
22-02-2021,97.87320,120716
19-02-2021,99.84280,120716
18-02-2021,100.75620,120716
17-02-2021,101.35500,120716
16-02-2021,102.02160,120716
15-02-2021,102.03040,120716
12-02-2021,101.01020,120716
11-02-2021,101.07700,120716
10-02-2021,100.61040,120716
09-02-2021,100.62970,120716
08-02-2021,100.66530,120716
05-02-2021,99.38950,120716
04-02-2021,99.19880,120716
03-02-2021,98.49910,120716
02-02-2021,97.55440,120716
01-02-2021,95.11080,120716
29-01-2021,90.80920,120716
28-01-2021,92.02840,120716
27-01-2021,93.02930,120716
25-01-2021,94.82970,120716
22-01-2021,95.71580,120716
21-01-2021,97.16880,120716
20-01-2021,97.52400,120716
19-01-2021,96.69550,120716
18-01-2021,95.09900,120716
15-01-2021,96.11880,120716
14-01-2021,97.19750,120716
13-01-2021,96.98330,120716
12-01-2021,96.97420,120716
11-01-2021,96.45020,120716
08-01-2021,95.53400,120716
07-01-2021,94.13680,120716
06-01-2021,94.19610,120716
05-01-2021,94.55100,120716
04-01-2021,94.10760,120716
01-01-2021,93.34720,120716
31-12-2020,93.10250,120716
30-12-2020,93.10470,120716
29-12-2020,92.77660,120716
28-12-2020,92.38110,120716
24-12-2020,91.55650,120716
23-12-2020,90.57040,120716
22-12-2020,89.67280,120716
21-12-2020,88.75560,120716
18-12-2020,91.63250,120716
17-12-2020,91.50090,120716
16-12-2020,91.09500,120716
15-12-2020,90.33140,120716
14-12-2020,90.26680,120716
11-12-2020,89.97240,120716
10-12-2020,89.73600,120716
09-12-2020,90.07370,120716
08-12-2020,89.16660,120716
07-12-2020,88.92340,120716
04-12-2020,88.27630,120716
03-12-2020,87.44670,120716
02-12-2020,87.31370,120716
01-12-2020,87.28300,120716
27-11-2020,86.35060,120716
26-11-2020,86.47110,120716
25-11-2020,85.61500,120716
24-11-2020,86.92560,120716
23-11-2020,86.06850,120716
20-11-2020,85.61980,120716
19-11-2020,85.04070,120716
18-11-2020,86.14950,120716
17-11-2020,85.72360,120716
13-11-2020,84.69480,120716
12-11-2020,84.50140,120716
11-11-2020,84.88940,120716
10-11-2020,84.10480,120716
09-11-2020,82.97450,120716
06-11-2020,81.66060,120716
05-11-2020,80.70880,120716
04-11-2020,79.30160,120716
03-11-2020,78.63670,120716
02-11-2020,77.67780,120716
30-10-2020,77.50070,120716
29-10-2020,77.68970,120716
28-10-2020,78.05910,120716
27-10-2020,79.09980,120716
26-10-2020,78.29180,120716
23-10-2020,79.37290,120716
22-10-2020,79.08000,120716
21-10-2020,79.34790,120716
20-10-2020,79.07710,120716
19-10-2020,78.91950,120716
16-10-2020,78.18530,120716
15-10-2020,77.63990,120716
14-10-2020,79.57260,120716
13-10-2020,79.31050,120716
12-10-2020,79.28700,120716
09-10-2020,79.17550,120716
08-10-2020,78.64680,120716
07-10-2020,78.01080,120716
06-10-2020,77.50300,120716
05-10-2020,76.44690,120716
01-10-2020,75.87400,120716
30-09-2020,74.74900,120716
29-09-2020,74.58280,120716
28-09-2020,74.61730,120716
25-09-2020,73.44050,120716
24-09-2020,71.81630,120716
23-09-2020,73.98770,120716
22-09-2020,74.13310,120716
21-09-2020,74.77690,120716
18-09-2020,76.46760,120716
17-09-2020,76.54200,120716
16-09-2020,77.12980,120716
15-09-2020,76.58080,120716
14-09-2020,76.03750,120716
11-09-2020,76.19660,120716
10-09-2020,76.09790,120716
09-09-2020,74.95990,120716
08-09-2020,75.22170,120716
07-09-2020,75.47240,120716
04-09-2020,75.33420,120716
03-09-2020,76.61850,120716
02-09-2020,76.66640,120716
01-09-2020,76.22140,120716
31-08-2020,75.67380,120716
28-08-2020,77.39780,120716
27-08-2020,76.81320,120716
26-08-2020,76.74930,120716
25-08-2020,76.21910,120716
24-08-2020,76.18090,120716
21-08-2020,75.55250,120716
20-08-2020,75.15940,120716
19-08-2020,75.79730,120716
18-08-2020,75.63810,120716
17-08-2020,74.72190,120716
14-08-2020,74.26730,120716
13-08-2020,75.07570,120716
12-08-2020,75.09550,120716
11-08-2020,75.18930,120716
10-08-2020,74.84270,120716
07-08-2020,74.47170,120716
06-08-2020,74.37990,120716
05-08-2020,73.70850,120716
04-08-2020,73.64800,120716
03-08-2020,72.30030,120716
31-07-2020,73.50280,120716
30-07-2020,73.69300,120716
29-07-2020,74.34350,120716
28-07-2020,74.98790,120716
27-07-2020,73.87150,120716
24-07-2020,74.28470,120716
23-07-2020,74.42590,120716
22-07-2020,73.86810,120716
21-07-2020,74.06470,120716
20-07-2020,73.13770,120716
17-07-2020,72.34110,120716
16-07-2020,71.27150,120716
15-07-2020,70.45520,120716
14-07-2020,70.38370,120716
13-07-2020,71.67440,120716
10-07-2020,71.44120,120716
09-07-2020,71.74340,120716
08-07-2020,70.97200,120716
07-07-2020,71.59360,120716
06-07-2020,71.35560,120716
03-07-2020,70.31690,120716
02-07-2020,69.94860,120716
01-07-2020,69.11090,120716
30-06-2020,68.26390,120716
29-06-2020,68.33250,120716
26-06-2020,68.80050,120716
25-06-2020,68.17730,120716
24-06-2020,68.28750,120716
23-06-2020,69.38380,120716
22-06-2020,68.32620,120716
19-06-2020,67.88410,120716
18-06-2020,66.85690,120716
17-06-2020,65.46320,120716
16-06-2020,65.68080,120716
15-06-2020,65.01760,120716
12-06-2020,66.07160,120716
11-06-2020,65.60270,120716
10-06-2020,67.01760,120716
09-06-2020,66.55760,120716
08-06-2020,67.35780,120716
05-06-2020,67.19070,120716
04-06-2020,66.44290,120716
03-06-2020,66.65790,120716
02-06-2020,66.10160,120716
01-06-2020,65.08830,120716
29-05-2020,63.46030,120716
28-05-2020,62.80770,120716
27-05-2020,61.64830,120716
26-05-2020,59.75650,120716
22-05-2020,59.82480,120716
21-05-2020,60.26880,120716
20-05-2020,60.00620,120716
19-05-2020,58.76530,120716
18-05-2020,58.39660,120716
15-05-2020,60.47290,120716
14-05-2020,60.51250,120716
13-05-2020,62.10650,120716
12-05-2020,60.86910,120716
11-05-2020,61.15090,120716
08-05-2020,61.23270,120716
07-05-2020,60.88590,120716
06-05-2020,61.36130,120716
05-05-2020,60.92930,120716
04-05-2020,61.50640,120716
30-04-2020,65.26770,120716
29-04-2020,63.23740,120716
28-04-2020,62.08930,120716
27-04-2020,61.43680,120716
24-04-2020,60.59000,120716
23-04-2020,61.64570,120716
22-04-2020,60.80670,120716
21-04-2020,59.44440,120716
20-04-2020,61.29980,120716
17-04-2020,61.33230,120716
16-04-2020,59.51930,120716
15-04-2020,59.07310,120716
13-04-2020,59.52650,120716
09-04-2020,60.30860,120716
08-04-2020,57.90490,120716
07-04-2020,58.19210,120716
03-04-2020,53.51310,120716
01-04-2020,54.63900,120716
31-03-2020,56.91600,120716
30-03-2020,54.82290,120716
27-03-2020,57.33200,120716
26-03-2020,57.21250,120716
25-03-2020,55.07450,120716
24-03-2020,51.67670,120716
23-03-2020,50.40130,120716
20-03-2020,57.86110,120716
19-03-2020,54.67440,120716
18-03-2020,55.99670,120716
17-03-2020,59.30860,120716
16-03-2020,60.89030,120716
13-03-2020,65.98330,120716
12-03-2020,63.57070,120716
11-03-2020,69.32180,120716
09-03-2020,69.27630,120716
06-03-2020,72.83330,120716
05-03-2020,74.68290,120716
04-03-2020,74.55320,120716
03-03-2020,74.89950,120716
02-03-2020,73.72950,120716
28-02-2020,74.17160,120716
27-02-2020,77.03620,120716
26-02-2020,77.33590,120716
25-02-2020,78.12850,120716
24-02-2020,78.33750,120716
20-02-2020,80.00160,120716
19-02-2020,80.29980,120716
18-02-2020,79.41700,120716
17-02-2020,79.77000,120716
14-02-2020,80.19880,120716
13-02-2020,80.60410,120716
12-02-2020,80.78000,120716
11-02-2020,80.16200,120716
10-02-2020,79.65620,120716
07-02-2020,80.09940,120716
06-02-2020,80.36440,120716
05-02-2020,80.04170,120716
04-02-2020,79.31740,120716
03-02-2020,77.51890,120716
31-01-2020,79.20170,120716
30-01-2020,79.68990,120716
29-01-2020,80.31000,120716
28-01-2020,79.82810,120716
27-01-2020,80.24670,120716
24-01-2020,81.10230,120716
23-01-2020,80.64720,120716
22-01-2020,80.15280,120716
21-01-2020,80.56920,120716
20-01-2020,80.93130,120716
17-01-2020,81.77720,120716
16-01-2020,81.79860,120716
15-01-2020,81.71800,120716
14-01-2020,81.84410,120716
13-01-2020,81.62800,120716
10-01-2020,81.14600,120716
09-01-2020,80.87530,120716
08-01-2020,79.61430,120716
07-01-2020,79.79800,120716
06-01-2020,79.40170,120716
03-01-2020,80.94850,120716
02-01-2020,81.31650,120716
01-01-2020,80.65690,120716
31-12-2019,80.56380,120716
30-12-2019,81.14260,120716
27-12-2019,81.07630,120716
26-12-2019,80.28710,120716
24-12-2019,80.87030,120716
23-12-2019,81.18910,120716
20-12-2019,81.25080,120716
19-12-2019,81.17060,120716
18-12-2019,80.91580,120716
17-12-2019,80.54040,120716
16-12-2019,79.80580,120716
13-12-2019,80.02300,120716
12-12-2019,79.26660,120716
11-12-2019,78.85870,120716
10-12-2019,78.50580,120716
09-12-2019,79.03700,120716
06-12-2019,78.93200,120716
05-12-2019,79.57360,120716
04-12-2019,79.73820,120716
03-12-2019,79.41380,120716
02-12-2019,79.77170,120716
29-11-2019,79.82350,120716
28-11-2019,80.45260,120716
27-11-2019,80.11870,120716
26-11-2019,79.70160,120716
25-11-2019,79.94000,120716
22-11-2019,78.88520,120716
21-11-2019,79.24250,120716
20-11-2019,79.44610,120716
19-11-2019,79.05540,120716
18-11-2019,78.68740,120716
15-11-2019,78.76070,120716
14-11-2019,78.60640,120716
13-11-2019,78.39700,120716
11-11-2019,78.87990,120716
08-11-2019,78.84550,120716
07-11-2019,79.53440,120716
06-11-2019,79.22950,120716
05-11-2019,78.90670,120716
04-11-2019,79.06600,120716
01-11-2019,78.73070,120716
31-10-2019,78.64400,120716
30-10-2019,78.42110,120716
29-10-2019,78.04050,120716
25-10-2019,76.69840,120716
24-10-2019,76.69010,120716
23-10-2019,76.83260,120716
22-10-2019,76.66920,120716
18-10-2019,77.15530,120716
17-10-2019,76.65690,120716
16-10-2019,75.77290,120716
15-10-2019,75.53730,120716
14-10-2019,74.96180,120716
11-10-2019,74.72390,120716
10-10-2019,74.25820,120716
09-10-2019,74.77910,120716
07-10-2019,73.54440,120716
04-10-2019,73.86490,120716
03-10-2019,74.78570,120716
01-10-2019,75.08990,120716
30-09-2019,75.84640,120716
27-09-2019,76.09760,120716
26-09-2019,76.48700,120716
25-09-2019,75.62180,120716
24-09-2019,76.60010,120716
23-09-2019,76.67950,120716
20-09-2019,74.52460,120716
19-09-2019,70.76560,120716
18-09-2019,71.66330,120716
17-09-2019,71.51110,120716
16-09-2019,72.74180,120716
13-09-2019,73.22070,120716
12-09-2019,72.60620,120716
11-09-2019,72.95580,120716
09-09-2019,72.74000,120716
06-09-2019,72.36540,120716
05-09-2019,71.71510,120716
04-09-2019,71.69420,120716
03-09-2019,71.38590,120716
30-08-2019,72.87470,120716
29-08-2019,72.38040,120716
28-08-2019,73.02650,120716
27-08-2019,73.41790,120716
26-08-2019,73.10440,120716
23-08-2019,71.59710,120716
22-08-2019,71.01670,120716
21-08-2019,72.17300,120716
20-08-2019,72.80730,120716
19-08-2019,73.04640,120716
16-08-2019,72.99280,120716
14-08-2019,72.87170,120716
13-08-2019,72.16710,120716
09-08-2019,73.36250,120716
08-08-2019,72.85390,120716
07-08-2019,71.67400,120716
06-08-2019,72.28530,120716
05-08-2019,71.72140,120716
02-08-2019,72.60970,120716
01-08-2019,72.45970,120716
31-07-2019,73.34900,120716
30-07-2019,73.13220,120716
29-07-2019,73.81630,120716
26-07-2019,74.43930,120716
25-07-2019,74.22790,120716
24-07-2019,74.34030,120716
23-07-2019,74.69470,120716
22-07-2019,74.79540,120716
19-07-2019,75.26670,120716
18-07-2019,76.38740,120716
17-07-2019,76.97090,120716
16-07-2019,76.80740,120716
15-07-2019,76.30540,120716
12-07-2019,76.06340,120716
11-07-2019,76.26170,120716
10-07-2019,75.69570,120716
09-07-2019,76.06840,120716
08-07-2019,76.08720,120716
05-07-2019,77.74090,120716
04-07-2019,78.63190,120716
03-07-2019,78.41620,120716
02-07-2019,78.37390,120716
01-07-2019,78.08110,120716
28-06-2019,77.57800,120716
27-06-2019,77.92450,120716
26-06-2019,77.96520,120716
25-06-2019,77.63000,120716
24-06-2019,76.99500,120716
21-06-2019,77.15610,120716
20-06-2019,77.86270,120716
19-06-2019,76.87560,120716
18-06-2019,76.87640,120716
17-06-2019,76.75020,120716
14-06-2019,77.74190,120716
13-06-2019,78.33700,120716
12-06-2019,78.21540,120716
11-06-2019,78.60540,120716
10-06-2019,78.32410,120716
07-06-2019,77.98420,120716
06-06-2019,77.80800,120716
04-06-2019,78.97560,120716
03-06-2019,79.38450,120716
31-05-2019,78.29190,120716
30-05-2019,78.44360,120716
29-05-2019,77.88770,120716
28-05-2019,78.33160,120716
27-05-2019,78.30110,120716
24-05-2019,77.77240,120716
23-05-2019,76.54540,120716
22-05-2019,77.07570,120716
21-05-2019,76.80680,120716
20-05-2019,77.58880,120716
17-05-2019,74.82930,120716
16-05-2019,73.84580,120716
15-05-2019,73.18910,120716
14-05-2019,73.61590,120716
13-05-2019,73.13250,120716
10-05-2019,73.98940,120716
09-05-2019,74.14020,120716
08-05-2019,74.51880,120716
07-05-2019,75.42660,120716
06-05-2019,76.06920,120716
03-05-2019,76.81790,120716
02-05-2019,76.90030,120716
30-04-2019,77.05380,120716
26-04-2019,77.09640,120716
25-04-2019,76.35670,120716
24-04-2019,76.91010,120716
23-04-2019,75.92540,120716
22-04-2019,76.04700,120716
18-04-2019,77.08490,120716
16-04-2019,77.31020,120716
15-04-2019,76.67680,120716
12-04-2019,76.37030,120716
11-04-2019,76.06450,120716
10-04-2019,75.98360,120716
09-04-2019,76.55760,120716
08-04-2019,76.11660,120716
05-04-2019,76.51900,120716
04-04-2019,76.07410,120716
03-04-2019,76.37650,120716
02-04-2019,76.83270,120716
01-04-2019,76.54280,120716
29-03-2019,76.24500,120716
28-03-2019,75.89220,120716
27-03-2019,75.07180,120716
26-03-2019,75.31830,120716
25-03-2019,74.47310,120716
22-03-2019,75.14710,120716
20-03-2019,75.55200,120716
19-03-2019,75.62790,120716
18-03-2019,75.16750,120716
15-03-2019,74.93610,120716
14-03-2019,74.37860,120716
13-03-2019,74.34790,120716
12-03-2019,74.07660,120716
11-03-2019,73.20450,120716
08-03-2019,72.33570,120716
07-03-2019,72.48540,120716
06-03-2019,72.45130,120716
05-03-2019,72.02210,120716
01-03-2019,71.21090,120716
28-02-2019,70.74650,120716
27-02-2019,70.81300,120716
26-02-2019,71.00050,120716
25-02-2019,71.29420,120716
22-02-2019,70.71600,120716
21-02-2019,70.70470,120716
20-02-2019,70.33390,120716
19-02-2019,69.47450,120716
18-02-2019,69.71430,120716
15-02-2019,70.26180,120716
14-02-2019,70.40390,120716
13-02-2019,70.70780,120716
12-02-2019,70.95510,120716
11-02-2019,71.32140,120716
08-02-2019,71.66380,120716
07-02-2019,72.48610,120716
06-02-2019,72.44100,120716
05-02-2019,71.58500,120716
04-02-2019,71.43970,120716
01-02-2019,71.31860,120716
31-01-2019,70.90930,120716
30-01-2019,69.73850,120716
29-01-2019,69.74150,120716
28-01-2019,69.80060,120716
25-01-2019,70.57890,120716
24-01-2019,71.03170,120716
23-01-2019,70.88760,120716
22-01-2019,71.48400,120716
21-01-2019,71.73980,120716
18-01-2019,71.38150,120716
17-01-2019,71.37040,120716
16-01-2019,71.26630,120716
15-01-2019,71.24380,120716
14-01-2019,70.27000,120716
11-01-2019,70.64510,120716
10-01-2019,70.81940,120716
09-01-2019,71.03900,120716
08-01-2019,70.69400,120716
07-01-2019,70.50030,120716
04-01-2019,70.20650,120716
03-01-2019,69.84700,120716
02-01-2019,70.63270,120716
01-01-2019,71.40100,120716
31-12-2018,71.09020,120716
28-12-2018,71.07410,120716
27-12-2018,70.53170,120716
26-12-2018,70.20650,120716
24-12-2018,69.77390,120716
21-12-2018,70.36570,120716
20-12-2018,71.63450,120716
19-12-2018,71.73710,120716
18-12-2018,71.35450,120716
17-12-2018,71.22200,120716
14-12-2018,70.68160,120716
13-12-2018,70.59150,120716
12-12-2018,70.24020,120716
11-12-2018,69.01500,120716
10-12-2018,68.62040,120716
07-12-2018,69.96100,120716
06-12-2018,69.35790,120716
05-12-2018,70.54570,120716
04-12-2018,71.11240,120716
03-12-2018,71.20580,120716
30-11-2018,71.16060,120716
29-11-2018,71.04310,120716
28-11-2018,70.19540,120716
27-11-2018,69.91300,120716
26-11-2018,69.54120,120716
22-11-2018,68.87650,120716
21-11-2018,69.35500,120716
20-11-2018,69.72150,120716
19-11-2018,70.42170,120716
16-11-2018,69.89300,120716
15-11-2018,69.46590,120716
14-11-2018,69.20260,120716
13-11-2018,69.24300,120716
12-11-2018,68.58840,120716
09-11-2018,69.25960,120716
06-11-2018,68.90080,120716
05-11-2018,68.86220,120716
02-11-2018,69.04640,120716
01-11-2018,67.92090,120716
31-10-2018,67.95200,120716
30-10-2018,66.72490,120716
29-10-2018,67.06570,120716
26-10-2018,65.61930,120716
25-10-2018,66.23750,120716
24-10-2018,66.82820,120716
23-10-2018,66.32180,120716
22-10-2018,66.95710,120716
19-10-2018,67.33980,120716
17-10-2018,68.31490,120716
16-10-2018,69.17280,120716
15-10-2018,68.70320,120716
12-10-2018,68.44360,120716
11-10-2018,66.90300,120716
10-10-2018,68.37080,120716
09-10-2018,67.33680,120716
08-10-2018,67.64310,120716
05-10-2018,67.43840,120716
04-10-2018,69.27890,120716
03-10-2018,70.96880,120716
01-10-2018,71.94480,120716
28-09-2018,71.43450,120716
27-09-2018,71.74010,120716
26-09-2018,72.23630,120716
25-09-2018,72.32570,120716
24-09-2018,71.67420,120716
21-09-2018,72.82240,120716
19-09-2018,73.41720,120716
18-09-2018,73.70270,120716
17-09-2018,74.34680,120716
14-09-2018,75.23940,120716
12-09-2018,74.29400,120716
11-09-2018,73.75550,120716
10-09-2018,74.73590,120716
07-09-2018,75.70960,120716
06-09-2018,75.37060,120716
05-09-2018,74.96820,120716
04-09-2018,75.25130,120716
03-09-2018,75.65510,120716
31-08-2018,76.29560,120716
30-08-2018,76.25860,120716
29-08-2018,76.35490,120716
28-08-2018,76.65970,120716
27-08-2018,76.35700,120716
24-08-2018,75.48110,120716
23-08-2018,75.63330,120716
21-08-2018,75.55790,120716
20-08-2018,75.43590,120716
17-08-2018,74.90470,120716
16-08-2018,74.34770,120716
14-08-2018,74.67340,120716
13-08-2018,74.10800,120716
10-08-2018,74.57950,120716
09-08-2018,74.84770,120716
08-08-2018,74.70820,120716
07-08-2018,74.31530,120716
06-08-2018,74.30030,120716
03-08-2018,74.12990,120716
02-08-2018,73.37720,120716
01-08-2018,74.02700,120716
31-07-2018,74.09400,120716
30-07-2018,73.85400,120716
27-07-2018,73.58500,120716
26-07-2018,72.86660,120716
25-07-2018,72.62210,120716
24-07-2018,72.63900,120716
23-07-2018,72.31850,120716
20-07-2018,71.83320,120716
19-07-2018,71.48880,120716
18-07-2018,71.57680,120716
17-07-2018,71.75030,120716
16-07-2018,71.28130,120716
13-07-2018,71.81060,120716
12-07-2018,71.84080,120716
11-07-2018,71.34260,120716
10-07-2018,71.32680,120716
09-07-2018,70.71320,120716
06-07-2018,70.19500,120716
05-07-2018,70.04790,120716
04-07-2018,70.15120,120716
03-07-2018,69.69840,120716
02-07-2018,69.42220,120716
29-06-2018,69.79230,120716
28-06-2018,68.98110,120716
27-06-2018,69.51370,120716
26-06-2018,70.11260,120716
25-06-2018,70.06970,120716
22-06-2018,70.45480,120716
21-06-2018,69.93150,120716
20-06-2018,70.11820,120716
19-06-2018,69.72050,120716
18-06-2018,70.29780,120716
15-06-2018,70.41360,120716
14-06-2018,70.35100,120716
13-06-2018,70.56660,120716
12-06-2018,70.47810,120716
11-06-2018,70.11720,120716
08-06-2018,69.99320,120716
07-06-2018,69.99780,120716
06-06-2018,69.45710,120716
05-06-2018,68.86740,120716
04-06-2018,69.09630,120716
01-06-2018,69.52630,120716
31-05-2018,69.78490,120716
30-05-2018,68.93000,120716
29-05-2018,69.05290,120716
28-05-2018,69.41150,120716
25-05-2018,68.87560,120716
24-05-2018,68.21990,120716
23-05-2018,67.68130,120716
22-05-2018,68.36890,120716
21-05-2018,68.24010,120716
18-05-2018,68.75490,120716
17-05-2018,69.31250,120716
16-05-2018,69.69020,120716
15-05-2018,70.08290,120716
14-05-2018,70.11370,120716
11-05-2018,70.11350,120716
10-05-2018,69.53330,120716
09-05-2018,69.69610,120716
08-05-2018,69.54010,120716
07-05-2018,69.52510,120716
04-05-2018,68.89770,120716
03-05-2018,69.29340,120716
02-05-2018,69.54130,120716
30-04-2018,69.67380,120716
27-04-2018,69.37030,120716
26-04-2018,68.88860,120716
25-04-2018,68.58290,120716
24-04-2018,68.86660,120716
23-04-2018,68.67470,120716
20-04-2018,68.54130,120716
19-04-2018,68.54970,120716
18-04-2018,68.29580,120716
17-04-2018,68.44220,120716
16-04-2018,68.30930,120716
13-04-2018,68.00320,120716
12-04-2018,67.86160,120716
11-04-2018,67.59240,120716
10-04-2018,67.49670,120716
09-04-2018,67.34890,120716
06-04-2018,67.04070,120716
05-04-2018,66.99960,120716
04-04-2018,65.74800,120716
03-04-2018,66.49280,120716
02-04-2018,66.28960,120716
28-03-2018,65.68380,120716
27-03-2018,66.13550,120716
26-03-2018,65.79540,120716
23-03-2018,64.94160,120716
22-03-2018,65.69350,120716
21-03-2018,65.94530,120716
20-03-2018,65.74600,120716
19-03-2018,65.48730,120716
16-03-2018,66.13440,120716
15-03-2018,67.15140,120716
14-03-2018,67.47710,120716
13-03-2018,67.57760,120716
12-03-2018,67.52920,120716
09-03-2018,66.28340,120716
08-03-2018,66.38210,120716
07-03-2018,65.81210,120716
06-03-2018,66.41630,120716
05-03-2018,67.11970,120716
01-03-2018,67.75490,120716
28-02-2018,67.97800,120716
27-02-2018,68.35710,120716
26-02-2018,68.53870,120716
23-02-2018,67.94930,120716
22-02-2018,67.25800,120716
21-02-2018,67.33310,120716
20-02-2018,67.09700,120716
19-02-2018,67.21380,120716
16-02-2018,67.68980,120716
15-02-2018,68.29520,120716
14-02-2018,68.00290,120716
12-02-2018,68.25450,120716
09-02-2018,67.70350,120716
08-02-2018,68.48790,120716
07-02-2018,67.80330,120716
06-02-2018,67.93010,120716
05-02-2018,69.00820,120716
02-02-2018,69.61060,120716
01-02-2018,71.28240,120716
31-01-2018,71.34220,120716
30-01-2018,71.48730,120716
29-01-2018,72.00430,120716
25-01-2018,71.61570,120716
24-01-2018,71.72100,120716
23-01-2018,71.70940,120716
22-01-2018,70.95490,120716
19-01-2018,70.48610,120716
18-01-2018,69.98510,120716
17-01-2018,69.79350,120716
16-01-2018,69.22960,120716
15-01-2018,69.48940,120716
12-01-2018,69.09970,120716
11-01-2018,68.90760,120716
10-01-2018,68.78620,120716
09-01-2018,68.81640,120716
08-01-2018,68.73160,120716
05-01-2018,68.31680,120716
04-01-2018,67.96880,120716
03-01-2018,67.57640,120716
02-01-2018,67.56840,120716
01-01-2018,67.52810,120716
29-12-2017,68.13740,120716
28-12-2017,67.80140,120716
27-12-2017,67.88610,120716
26-12-2017,68.14570,120716
22-12-2017,67.89830,120716
21-12-2017,67.56180,120716
20-12-2017,67.57030,120716
19-12-2017,67.69100,120716
18-12-2017,67.21660,120716
15-12-2017,66.85580,120716
14-12-2017,66.33320,120716
13-12-2017,65.95530,120716
12-12-2017,66.25990,120716
11-12-2017,66.78500,120716
08-12-2017,66.42420,120716
07-12-2017,65.79070,120716
06-12-2017,65.00560,120716
05-12-2017,65.47570,120716
04-12-2017,65.53820,120716
01-12-2017,65.49900,120716
30-11-2017,66.17970,120716
29-11-2017,67.04320,120716
28-11-2017,67.10130,120716
27-11-2017,67.28850,120716
24-11-2017,67.22740,120716
23-11-2017,66.96300,120716
22-11-2017,66.92170,120716
21-11-2017,66.82280,120716
20-11-2017,66.64210,120716
17-11-2017,66.54560,120716
16-11-2017,66.10210,120716
15-11-2017,65.48490,120716
14-11-2017,65.92340,120716
13-11-2017,66.16860,120716
10-11-2017,66.78590,120716
09-11-2017,66.70750,120716
08-11-2017,66.67040,120716
07-11-2017,66.97940,120716
06-11-2017,67.63270,120716
03-11-2017,67.63900,120716
02-11-2017,67.44210,120716
01-11-2017,67.54910,120716
31-10-2017,66.85770,120716
30-10-2017,66.99700,120716
27-10-2017,66.73700,120716
26-10-2017,66.85690,120716
25-10-2017,66.56210,120716
24-10-2017,65.99500,120716
23-10-2017,65.84650,120716
18-10-2017,66.01830,120716
17-10-2017,66.17060,120716
16-10-2017,66.14460,120716
13-10-2017,65.73640,120716
12-10-2017,65.27590,120716
11-10-2017,64.56320,120716
10-10-2017,64.77080,120716
09-10-2017,64.59030,120716
06-10-2017,64.53080,120716
05-10-2017,63.96040,120716
04-10-2017,64.12400,120716
03-10-2017,63.77280,120716
29-09-2017,63.32170,120716
28-09-2017,63.19480,120716
27-09-2017,62.99280,120716
26-09-2017,63.85450,120716
25-09-2017,63.86070,120716
22-09-2017,64.44860,120716
21-09-2017,65.45590,120716
20-09-2017,65.57790,120716
19-09-2017,65.61660,120716
18-09-2017,65.65440,120716
15-09-2017,65.21240,120716
14-09-2017,65.22160,120716
13-09-2017,65.17260,120716
12-09-2017,65.26170,120716
11-09-2017,64.70530,120716
08-09-2017,64.23670,120716
07-09-2017,64.20390,120716
06-09-2017,64.10650,120716
05-09-2017,64.33480,120716
04-09-2017,64.08070,120716
01-09-2017,64.47470,120716
31-08-2017,64.10870,120716
30-08-2017,63.89580,120716
29-08-2017,63.32790,120716
28-08-2017,64.07440,120716
24-08-2017,63.71760,120716
23-08-2017,63.67330,120716
22-08-2017,63.11760,120716
21-08-2017,63.04690,120716
18-08-2017,63.57320,120716
17-08-2017,64.00080,120716
16-08-2017,63.95420,120716
14-08-2017,63.29460,120716
11-08-2017,62.75830,120716
10-08-2017,63.41910,120716
09-08-2017,63.96780,120716
08-08-2017,64.41280,120716
07-08-2017,64.90850,120716
04-08-2017,64.96900,120716
03-08-2017,64.63830,120716
02-08-2017,65.06330,120716
01-08-2017,65.26770,120716
31-07-2017,65.02490,120716
28-07-2017,64.63050,120716
27-07-2017,64.67370,120716
26-07-2017,64.66490,120716
25-07-2017,64.30070,120716
24-07-2017,64.31390,120716
21-07-2017,63.97840,120716
20-07-2017,63.71020,120716
19-07-2017,63.86040,120716
18-07-2017,63.39960,120716
17-07-2017,63.95590,120716
14-07-2017,63.76340,120716
13-07-2017,63.76320,120716
12-07-2017,63.23780,120716
11-07-2017,63.04560,120716
10-07-2017,62.94860,120716
07-07-2017,62.28000,120716
06-07-2017,62.33570,120716
05-07-2017,62.07500,120716
04-07-2017,61.91970,120716
03-07-2017,61.92960,120716
30-06-2017,61.32530,120716
29-06-2017,61.21560,120716
28-06-2017,61.09040,120716
27-06-2017,61.21610,120716
23-06-2017,61.61800,120716
22-06-2017,61.96690,120716
21-06-2017,61.97120,120716
20-06-2017,62.09500,120716
19-06-2017,62.09620,120716
16-06-2017,61.65730,120716
15-06-2017,61.59500,120716
14-06-2017,61.84130,120716
13-06-2017,61.77060,120716
12-06-2017,61.80820,120716
09-06-2017,62.13700,120716
08-06-2017,62.00550,120716
07-06-2017,62.10950,120716
06-06-2017,61.94150,120716
05-06-2017,62.18050,120716
02-06-2017,61.97580,120716
01-06-2017,61.73490,120716
31-05-2017,61.71640,120716
30-05-2017,61.73830,120716
29-05-2017,61.61350,120716
26-05-2017,61.54510,120716
25-05-2017,60.98650,120716
24-05-2017,60.04340,120716
23-05-2017,60.20020,120716
22-05-2017,60.53570,120716
19-05-2017,60.46530,120716
18-05-2017,60.47790,120716
17-05-2017,61.09010,120716
16-05-2017,61.00310,120716
15-05-2017,60.57770,120716
12-05-2017,60.29500,120716
11-05-2017,60.42540,120716
10-05-2017,60.33000,120716
09-05-2017,59.75330,120716
08-05-2017,59.73720,120716
05-05-2017,59.55200,120716
04-05-2017,60.02650,120716
03-05-2017,59.71320,120716
02-05-2017,59.72450,120716
28-04-2017,59.66350,120716
27-04-2017,59.90820,120716
26-04-2017,59.97430,120716
25-04-2017,59.68680,120716
24-04-2017,59.11930,120716
21-04-2017,58.49290,120716
20-04-2017,58.59790,120716
19-04-2017,58.38920,120716
18-04-2017,58.40450,120716
17-04-2017,58.61920,120716
13-04-2017,58.69590,120716
12-04-2017,59.02760,120716
11-04-2017,59.24180,120716
10-04-2017,58.89160,120716
07-04-2017,58.99960,120716
06-04-2017,59.40330,120716
05-04-2017,59.42290,120716
03-04-2017,59.25310,120716
31-03-2017,58.86610,120716
30-03-2017,58.87810,120716
29-03-2017,58.69590,120716
28-03-2017,58.42670,120716
27-03-2017,58.07920,120716
24-03-2017,58.47430,120716
23-03-2017,58.32970,120716
22-03-2017,57.97040,120716
21-03-2017,58.55080,120716
20-03-2017,58.58730,120716
17-03-2017,58.79880,120716
16-03-2017,58.75840,120716
15-03-2017,58.30550,120716
14-03-2017,58.32250,120716
10-03-2017,57.31890,120716
09-03-2017,57.26930,120716
08-03-2017,57.24430,120716
07-03-2017,57.38880,120716
06-03-2017,57.49350,120716
03-03-2017,57.08050,120716
02-03-2017,57.09650,120716
01-03-2017,57.38510,120716
28-02-2017,56.96450,120716
27-02-2017,57.05800,120716
23-02-2017,57.33200,120716
22-02-2017,57.24930,120716
21-02-2017,57.12740,120716
20-02-2017,56.94630,120716
17-02-2017,56.57740,120716
16-02-2017,56.29920,120716
15-02-2017,55.95610,120716
14-02-2017,56.37320,120716
13-02-2017,56.45520,120716
10-02-2017,56.38020,120716
09-02-2017,56.28440,120716
08-02-2017,56.22500,120716
07-02-2017,56.22160,120716
06-02-2017,56.42530,120716
03-02-2017,56.04490,120716
02-02-2017,56.00120,120716
01-02-2017,55.87680,120716
31-01-2017,54.89430,120716
30-01-2017,55.34850,120716
27-01-2017,55.40810,120716
25-01-2017,55.16260,120716
24-01-2017,54.35240,120716
23-01-2017,53.81560,120716
20-01-2017,53.54270,120716
19-01-2017,54.08960,120716
18-01-2017,53.97420,120716
17-01-2017,53.85140,120716
16-01-2017,53.94870,120716
13-01-2017,53.86940,120716
12-01-2017,53.91400,120716
11-01-2017,53.74370,120716
10-01-2017,53.15190,120716
09-01-2017,52.81850,120716
06-01-2017,52.87090,120716
05-01-2017,53.06040,120716
04-01-2017,52.53100,120716
03-01-2017,52.53910,120716
02-01-2017,52.46370,120716
30-12-2016,52.49980,120716
29-12-2016,51.97940,120716
28-12-2016,51.54410,120716
27-12-2016,51.53160,120716
26-12-2016,50.75170,120716
23-12-2016,51.23640,120716
22-12-2016,51.19750,120716
21-12-2016,51.72340,120716
20-12-2016,51.85660,120716
19-12-2016,51.99550,120716
16-12-2016,52.21930,120716
15-12-2016,52.31120,120716
14-12-2016,52.49480,120716
13-12-2016,52.74480,120716
12-12-2016,52.42010,120716
09-12-2016,52.99850,120716
08-12-2016,52.90300,120716
07-12-2016,51.98460,120716
06-12-2016,52.24590,120716
05-12-2016,52.15270,120716
02-12-2016,51.88760,120716
01-12-2016,52.56500,120716
30-11-2016,52.76450,120716
29-11-2016,52.24260,120716
28-11-2016,52.14750,120716
25-11-2016,52.06370,120716
24-11-2016,51.11810,120716
23-11-2016,51.55290,120716
22-11-2016,51.35290,120716
21-11-2016,50.88630,120716
18-11-2016,51.81120,120716
17-11-2016,51.85300,120716
16-11-2016,52.05160,120716
15-11-2016,52.03330,120716
11-11-2016,53.23580,120716
10-11-2016,54.68750,120716
09-11-2016,54.09290,120716
08-11-2016,54.80530,120716
07-11-2016,54.51070,120716
04-11-2016,54.10760,120716
03-11-2016,54.43080,120716
02-11-2016,54.60430,120716
01-11-2016,55.31890,120716
28-10-2016,55.38470,120716
27-10-2016,55.23990,120716
26-10-2016,55.23460,120716
25-10-2016,55.71830,120716
24-10-2016,55.83110,120716
21-10-2016,55.72600,120716
20-10-2016,55.72580,120716
19-10-2016,55.46960,120716
18-10-2016,55.58490,120716
17-10-2016,54.59460,120716
14-10-2016,54.98990,120716
13-10-2016,54.92380,120716
10-10-2016,55.79340,120716
07-10-2016,55.72210,120716
06-10-2016,55.80090,120716
05-10-2016,56.01860,120716
04-10-2016,56.17700,120716
03-10-2016,55.98130,120716
30-09-2016,55.18490,120716
29-09-2016,55.05940,120716
28-09-2016,56.03330,120716
27-09-2016,55.79010,120716
26-09-2016,55.89340,120716
23-09-2016,56.58640,120716
22-09-2016,56.81190,120716
21-09-2016,56.23940,120716
20-09-2016,56.23010,120716
19-09-2016,56.43670,120716
16-09-2016,56.25620,120716
15-09-2016,56.01860,120716
14-09-2016,55.91150,120716
12-09-2016,55.84110,120716
09-09-2016,56.80620,120716
08-09-2016,57.34500,120716
07-09-2016,57.11820,120716
06-09-2016,57.27090,120716
02-09-2016,56.42090,120716
01-09-2016,56.19780,120716
31-08-2016,56.27130,120716
30-08-2016,55.98460,120716
29-08-2016,55.12570,120716
26-08-2016,54.90570,120716
25-08-2016,55.03000,120716
24-08-2016,55.39920,120716
23-08-2016,55.28720,120716
22-08-2016,55.26580,120716
19-08-2016,55.50770,120716
18-08-2016,55.54550,120716
17-08-2016,55.21220,120716
16-08-2016,55.32550,120716
12-08-2016,55.51360,120716
11-08-2016,55.00310,120716
10-08-2016,54.89450,120716
09-08-2016,55.54100,120716
08-08-2016,55.74800,120716
05-08-2016,55.56680,120716
04-08-2016,54.73080,120716
03-08-2016,54.68990,120716
02-08-2016,55.18520,120716
01-08-2016,55.26810,120716
29-07-2016,55.28440,120716
28-07-2016,55.45790,120716
27-07-2016,55.11530,120716
26-07-2016,54.95670,120716
25-07-2016,55.24020,120716
22-07-2016,54.63200,120716
21-07-2016,54.43640,120716
20-07-2016,54.77870,120716
19-07-2016,54.53950,120716
18-07-2016,54.41430,120716
15-07-2016,54.61770,120716
14-07-2016,54.72910,120716
13-07-2016,54.43760,120716
12-07-2016,54.44750,120716
11-07-2016,54.10980,120716
08-07-2016,53.18980,120716
07-07-2016,53.28290,120716
05-07-2016,53.25600,120716
04-07-2016,53.47850,120716
01-07-2016,53.20400,120716
30-06-2016,52.95080,120716
29-06-2016,52.42250,120716
28-06-2016,51.91220,120716
27-06-2016,51.70050,120716
24-06-2016,51.66090,120716
23-06-2016,52.81860,120716
22-06-2016,52.39360,120716
21-06-2016,52.48370,120716
20-06-2016,52.60100,120716
17-06-2016,52.16920,120716
16-06-2016,51.98210,120716
15-06-2016,52.34460,120716
14-06-2016,51.72800,120716
13-06-2016,51.73910,120716
10-06-2016,52.11710,120716
09-06-2016,52.33150,120716
08-06-2016,52.71900,120716
07-06-2016,52.67750,120716
06-06-2016,52.26390,120716
03-06-2016,52.35870,120716
02-06-2016,52.33020,120716
01-06-2016,52.08470,120716
31-05-2016,51.95900,120716
30-05-2016,52.07580,120716
27-05-2016,51.85030,120716
26-05-2016,51.30280,120716
25-05-2016,50.45570,120716
24-05-2016,49.28600,120716
23-05-2016,49.17310,120716
20-05-2016,49.29130,120716
19-05-2016,49.50420,120716
18-05-2016,50.05200,120716
17-05-2016,50.18280,120716
16-05-2016,49.99280,120716
13-05-2016,49.70260,120716
12-05-2016,50.24520,120716
11-05-2016,49.91820,120716
10-05-2016,50.16520,120716
09-05-2016,50.03010,120716
06-05-2016,49.19020,120716
05-05-2016,49.20530,120716
04-05-2016,49.01650,120716
03-05-2016,49.27310,120716
02-05-2016,49.64680,120716
29-04-2016,49.92600,120716
28-04-2016,49.90970,120716
27-04-2016,50.75230,120716
26-04-2016,50.64290,120716
25-04-2016,49.95960,120716
22-04-2016,50.24130,120716
21-04-2016,50.32240,120716
20-04-2016,50.33960,120716
18-04-2016,50.33950,120716
13-04-2016,49.93220,120716
12-04-2016,49.03210,120716
11-04-2016,48.79440,120716
08-04-2016,48.06110,120716
07-04-2016,48.00590,120716
06-04-2016,48.43460,120716
05-04-2016,48.36620,120716
04-04-2016,49.33770,120716
01-04-2016,49.05020,120716
31-03-2016,49.20870,120716
30-03-2016,49.21470,120716
29-03-2016,48.34260,120716
28-03-2016,48.45470,120716
23-03-2016,49.09650,120716
22-03-2016,49.08670,120716
21-03-2016,49.01840,120716
18-03-2016,48.37810,120716
17-03-2016,47.79710,120716
16-03-2016,47.67980,120716
15-03-2016,47.42420,120716
14-03-2016,47.91730,120716
11-03-2016,47.67760,120716
10-03-2016,47.52590,120716
09-03-2016,47.81450,120716
08-03-2016,47.52000,120716
04-03-2016,47.52190,120716
03-03-2016,47.46330,120716
02-03-2016,46.79600,120716
01-03-2016,45.87940,120716
29-02-2016,44.40670,120716
26-02-2016,44.67390,120716
25-02-2016,44.30250,120716
24-02-2016,44.60540,120716
23-02-2016,45.18480,120716
22-02-2016,45.97380,120716
19-02-2016,45.82230,120716
18-02-2016,45.70250,120716
17-02-2016,45.17740,120716
16-02-2016,44.79680,120716
15-02-2016,45.51750,120716
12-02-2016,44.37070,120716
11-02-2016,44.34180,120716
10-02-2016,45.85300,120716
09-02-2016,46.37500,120716
08-02-2016,46.93630,120716
05-02-2016,47.57850,120716
04-02-2016,47.03540,120716
03-02-2016,46.76820,120716
02-02-2016,47.35610,120716
01-02-2016,47.98260,120716
29-01-2016,48.03100,120716
28-01-2016,47.15370,120716
27-01-2016,47.23650,120716
25-01-2016,47.22070,120716
22-01-2016,47.12930,120716
21-01-2016,46.21080,120716
20-01-2016,46.40950,120716
19-01-2016,47.19930,120716
18-01-2016,46.67110,120716
15-01-2016,47.21140,120716
14-01-2016,47.84090,120716
13-01-2016,48.00380,120716
12-01-2016,47.67520,120716
11-01-2016,48.01280,120716
08-01-2016,48.24890,120716
07-01-2016,48.04080,120716
06-01-2016,49.13360,120716
05-01-2016,49.40990,120716
04-01-2016,49.45210,120716
01-01-2016,50.53830,120716
31-12-2015,50.43190,120716
30-12-2015,50.11530,120716
29-12-2015,50.32200,120716
28-12-2015,50.29810,120716
24-12-2015,49.89540,120716
23-12-2015,49.92630,120716
22-12-2015,49.42460,120716
21-12-2015,49.72850,120716
18-12-2015,49.27260,120716
17-12-2015,49.79100,120716
16-12-2015,49.20290,120716
15-12-2015,48.88780,120716
14-12-2015,48.56700,120716
11-12-2015,48.31750,120716
10-12-2015,48.77720,120716
09-12-2015,48.32990,120716
08-12-2015,48.89570,120716
07-12-2015,49.29910,120716
04-12-2015,49.40370,120716
03-12-2015,49.92410,120716
02-12-2015,50.34900,120716
01-12-2015,50.49800,120716
30-11-2015,50.37420,120716
27-11-2015,50.42260,120716
26-11-2015,50.04950,120716
24-11-2015,49.72060,120716
23-11-2015,49.83300,120716
20-11-2015,49.88040,120716
19-11-2015,49.79370,120716
18-11-2015,49.09030,120716
17-11-2015,49.76160,120716
16-11-2015,49.56650,120716
13-11-2015,49.28620,120716
10-11-2015,49.41990,120716
09-11-2015,50.23770,120716
06-11-2015,50.47930,120716
05-11-2015,50.48670,120716
04-11-2015,51.02380,120716
03-11-2015,51.15390,120716
02-11-2015,51.09180,120716
30-10-2015,51.18770,120716
29-10-2015,51.47190,120716
28-10-2015,51.84790,120716
27-10-2015,52.23730,120716
26-10-2015,52.41280,120716
23-10-2015,52.63460,120716
21-10-2015,52.34890,120716
20-10-2015,52.40650,120716
19-10-2015,52.49140,120716
16-10-2015,52.25160,120716
15-10-2015,51.84630,120716
14-10-2015,51.39510,120716
13-10-2015,51.54560,120716
12-10-2015,51.62120,120716
09-10-2015,51.91360,120716
08-10-2015,51.53250,120716
07-10-2015,51.83670,120716
06-10-2015,51.68240,120716
05-10-2015,51.47060,120716
01-10-2015,50.40790,120716
30-09-2015,50.39650,120716
29-09-2015,49.73190,120716
28-09-2015,49.43260,120716
24-09-2015,49.89250,120716
23-09-2015,49.75420,120716
22-09-2015,49.54070,120716
21-09-2015,50.58170,120716
18-09-2015,50.61090,120716
16-09-2015,50.08900,120716
15-09-2015,49.65030,120716
14-09-2015,49.92110,120716
11-09-2015,49.40080,120716
10-09-2015,49.39320,120716
09-09-2015,49.58210,120716
08-09-2015,48.77170,120716
07-09-2015,47.96560,120716
04-09-2015,48.54250,120716
03-09-2015,49.59110,120716
02-09-2015,48.92890,120716
01-09-2015,49.35640,120716
31-08-2015,50.48090,120716
28-08-2015,50.67050,120716
27-08-2015,50.33590,120716
26-08-2015,49.35960,120716
25-08-2015,49.90740,120716
24-08-2015,49.45860,120716
21-08-2015,52.54670,120716
20-08-2015,53.00570,120716
19-08-2015,53.77520,120716
18-08-2015,53.59780,120716
17-08-2015,53.66550,120716
14-08-2015,53.92490,120716
13-08-2015,52.90310,120716
12-08-2015,52.85790,120716
11-08-2015,53.56660,120716
10-08-2015,53.96360,120716
07-08-2015,54.20910,120716
06-08-2015,54.35320,120716
05-08-2015,54.22290,120716
04-08-2015,53.90220,120716
03-08-2015,54.06750,120716
31-07-2015,54.00650,120716
30-07-2015,53.30630,120716
29-07-2015,53.01440,120716
28-07-2015,52.77530,120716
27-07-2015,52.92770,120716
24-07-2015,53.93790,120716
23-07-2015,54.36690,120716
22-07-2015,54.63020,120716
21-07-2015,53.99190,120716
20-07-2015,54.45950,120716
17-07-2015,54.48400,120716
16-07-2015,54.47300,120716
15-07-2015,53.93850,120716
14-07-2015,53.46490,120716
13-07-2015,53.49670,120716
10-07-2015,52.87580,120716
09-07-2015,52.67170,120716
08-07-2015,52.86140,120716
07-07-2015,53.79180,120716
06-07-2015,53.86550,120716
03-07-2015,53.62680,120716
02-07-2015,53.37560,120716
01-07-2015,53.39940,120716
30-06-2015,52.86980,120716
29-06-2015,52.55720,120716
26-06-2015,52.95090,120716
25-06-2015,53.05780,120716
24-06-2015,52.82570,120716
23-06-2015,52.95320,120716
22-06-2015,52.77730,120716
19-06-2015,51.97370,120716
18-06-2015,51.64890,120716
17-06-2015,51.13030,120716
16-06-2015,50.85800,120716
15-06-2015,50.64690,120716
12-06-2015,50.40390,120716
11-06-2015,50.29690,120716
10-06-2015,51.28300,120716
09-06-2015,50.65120,120716
08-06-2015,50.78760,120716
05-06-2015,51.22690,120716
04-06-2015,51.30510,120716
03-06-2015,51.28270,120716
02-06-2015,51.85230,120716
01-06-2015,53.08140,120716
29-05-2015,53.08030,120716
28-05-2015,52.37040,120716
27-05-2015,52.44960,120716
26-05-2015,52.48760,120716
25-05-2015,52.68390,120716
22-05-2015,53.24970,120716
21-05-2015,53.02020,120716
20-05-2015,53.04240,120716
19-05-2015,52.68350,120716
18-05-2015,52.74000,120716
15-05-2015,52.04280,120716
14-05-2015,51.80720,120716
13-05-2015,51.87330,120716
12-05-2015,51.19010,120716
11-05-2015,52.41880,120716
08-05-2015,51.62290,120716
07-05-2015,50.75480,120716
06-05-2015,51.00010,120716
05-05-2015,52.41490,120716
04-05-2015,52.47510,120716
30-04-2015,51.53600,120716
29-04-2015,51.90440,120716
28-04-2015,52.19640,120716
27-04-2015,51.74380,120716
24-04-2015,52.31290,120716
23-04-2015,52.89580,120716
22-04-2015,53.09480,120716
21-04-2015,52.76980,120716
20-04-2015,53.21350,120716
17-04-2015,54.20600,120716
16-04-2015,54.83960,120716
15-04-2015,55.11630,120716
13-04-2015,55.64570,120716
10-04-2015,55.31010,120716
09-04-2015,55.29710,120716
08-04-2015,54.90220,120716
07-04-2015,54.56450,120716
06-04-2015,54.56500,120716
01-04-2015,54.11180,120716
31-03-2015,53.50920,120716
30-03-2015,53.52070,120716
27-03-2015,52.57410,120716
26-03-2015,52.57430,120716
25-03-2015,53.75800,120716
24-03-2015,53.82800,120716
23-03-2015,53.86560,120716
20-03-2015,53.99080,120716
19-03-2015,54.34240,120716
18-03-2015,54.66180,120716
17-03-2015,54.89640,120716
16-03-2015,54.33660,120716
13-03-2015,54.42810,120716
12-03-2015,55.22340,120716
11-03-2015,54.75070,120716
10-03-2015,54.82560,120716
09-03-2015,55.10580,120716
05-03-2015,56.23310,120716
04-03-2015,56.13780,120716
03-03-2015,56.59770,120716
02-03-2015,56.30410,120716
27-02-2015,55.60030,120716
26-02-2015,54.57860,120716
25-02-2015,55.09960,120716
24-02-2015,55.06770,120716
23-02-2015,55.02410,120716
20-02-2015,55.51680,120716
19-02-2015,55.90300,120716
18-02-2015,55.74000,120716
16-02-2015,55.36310,120716
13-02-2015,55.33860,120716
12-02-2015,54.75770,120716
11-02-2015,54.23600,120716
10-02-2015,53.85140,120716
09-02-2015,53.61920,120716
06-02-2015,54.46300,120716
05-02-2015,54.77930,120716
04-02-2015,54.85470,120716
03-02-2015,55.05400,120716
02-02-2015,55.31060,120716
30-01-2015,55.38030,120716
29-01-2015,56.27850,120716
28-01-2015,56.04120,120716
27-01-2015,56.03070,120716
23-01-2015,55.55770,120716
22-01-2015,55.09560,120716
21-01-2015,54.88990,120716
20-01-2015,54.67790,120716
19-01-2015,53.77060,120716
16-01-2015,53.54010,120716
15-01-2015,53.41730,120716
14-01-2015,52.06220,120716
13-01-2015,52.19960,120716
12-01-2015,52.34800,120716
09-01-2015,52.10940,120716
08-01-2015,51.79780,120716
07-01-2015,50.97290,120716
06-01-2015,51.13100,120716
05-01-2015,52.70410,120716
02-01-2015,52.81080,120716
01-01-2015,52.11990,120716
31-12-2014,52.11220,120716
30-12-2014,51.89800,120716
29-12-2014,51.88650,120716
26-12-2014,51.60330,120716
24-12-2014,51.43760,120716
23-12-2014,52.01860,120716
22-12-2014,52.37480,120716
19-12-2014,51.75970,120716
18-12-2014,51.34910,120716
17-12-2014,50.54160,120716
16-12-2014,50.77770,120716
15-12-2014,51.70750,120716
12-12-2014,51.73640,120716
11-12-2014,52.16690,120716
10-12-2014,52.55910,120716
09-12-2014,52.46620,120716
08-12-2014,53.07510,120716
05-12-2014,53.71040,120716
04-12-2014,53.87480,120716
03-12-2014,53.70740,120716
02-12-2014,53.62690,120716
01-12-2014,53.82280,120716
28-11-2014,54.02570,120716
27-11-2014,53.43820,120716
26-11-2014,53.32320,120716
25-11-2014,53.24470,120716
24-11-2014,53.66610,120716
21-11-2014,53.33620,120716
20-11-2014,52.86450,120716
19-11-2014,52.74230,120716
18-11-2014,53.01540,120716
17-11-2014,53.04630,120716
14-11-2014,52.79200,120716
13-11-2014,52.59130,120716
12-11-2014,52.74760,120716
11-11-2014,52.61940,120716
10-11-2014,52.50370,120716
07-11-2014,52.46020,120716
05-11-2014,52.46780,120716
03-11-2014,52.39000,120716
31-10-2014,52.37540,120716
30-10-2014,51.40440,120716
29-10-2014,50.91040,120716
28-10-2014,50.51230,120716
27-10-2014,50.28870,120716
22-10-2014,50.31610,120716
21-10-2014,49.89010,120716
20-10-2014,49.58550,120716
17-10-2014,48.96270,120716
16-10-2014,48.76720,120716
14-10-2014,49.46480,120716
13-10-2014,49.59260,120716
10-10-2014,49.44130,120716
09-10-2014,50.06690,120716
08-10-2014,49.33590,120716
07-10-2014,49.39740,120716
01-10-2014,49.97050,120716
30-09-2014,50.08930,120716
29-09-2014,50.05330,120716
26-09-2014,50.11550,120716
25-09-2014,49.76150,120716
24-09-2014,50.32610,120716
23-09-2014,50.42060,120716
22-09-2014,51.22240,120716
19-09-2014,51.06200,120716
18-09-2014,51.02600,120716
17-09-2014,50.15630,120716
16-09-2014,49.89110,120716
15-09-2014,50.57130,120716
12-09-2014,50.96550,120716
11-09-2014,50.84310,120716
10-09-2014,50.89260,120716
09-09-2014,51.25750,120716
08-09-2014,51.38780,120716
05-09-2014,50.84670,120716
04-09-2014,50.89510,120716
03-09-2014,51.00620,120716
02-09-2014,50.81000,120716
01-09-2014,50.46530,120716
28-08-2014,50.01030,120716
27-08-2014,49.89650,120716
26-08-2014,49.69370,120716
25-08-2014,49.70400,120716
22-08-2014,49.74850,120716
21-08-2014,49.61030,120716
20-08-2014,49.50290,120716
19-08-2014,49.63960,120716
18-08-2014,49.49340,120716
14-08-2014,48.97860,120716
13-08-2014,48.65400,120716
12-08-2014,48.54790,120716
11-08-2014,47.91810,120716
08-08-2014,47.56420,120716
07-08-2014,48.06120,120716
06-08-2014,48.20380,120716
05-08-2014,48.66780,120716
04-08-2014,48.27260,120716
01-08-2014,47.77020,120716
31-07-2014,48.50800,120716
30-07-2014,48.94420,120716
28-07-2014,48.67710,120716
25-07-2014,48.89270,120716
24-07-2014,49.14050,120716
23-07-2014,48.92150,120716
22-07-2014,48.74200,120716
21-07-2014,48.22160,120716
18-07-2014,48.08820,120716
17-07-2014,47.94320,120716
16-07-2014,47.82640,120716
15-07-2014,47.22270,120716
14-07-2014,46.77420,120716
11-07-2014,46.79640,120716
10-07-2014,47.46130,120716
09-07-2014,47.56830,120716
08-07-2014,47.79180,120716
07-07-2014,48.80870,120716
04-07-2014,48.58930,120716
03-07-2014,48.31560,120716
02-07-2014,48.35400,120716
01-07-2014,47.79140,120716
30-06-2014,47.64870,120716
27-06-2014,47.02500,120716
26-06-2014,46.93070,120716
25-06-2014,47.40220,120716
24-06-2014,47.47310,120716
23-06-2014,46.93540,120716
20-06-2014,47.05370,120716
19-06-2014,47.23650,120716
18-06-2014,47.34700,120716
17-06-2014,47.80040,120716
16-06-2014,47.20420,120716
13-06-2014,47.25660,120716
12-06-2014,47.92890,120716
11-06-2014,47.77260,120716
10-06-2014,47.94740,120716
09-06-2014,47.93870,120716
06-06-2014,47.50220,120716
05-06-2014,46.80310,120716
04-06-2014,46.28880,120716
03-06-2014,46.37460,120716
02-06-2014,45.98570,120716
30-05-2014,45.16980,120716
29-05-2014,45.20670,120716
28-05-2014,45.74230,120716
27-05-2014,45.67170,120716
26-05-2014,45.92730,120716
23-05-2014,45.98230,120716
22-05-2014,45.42080,120716
21-05-2014,45.27620,120716
20-05-2014,45.41900,120716
19-05-2014,45.34460,120716
16-05-2014,44.97260,120716
15-05-2014,44.41410,120716
14-05-2014,44.32570,120716
13-05-2014,44.32740,120716
12-05-2014,43.74090,120716
09-05-2014,42.78370,120716
08-05-2014,41.56040,120716
07-05-2014,41.51720,120716
06-05-2014,41.90470,120716
05-05-2014,41.80830,120716
02-05-2014,41.78400,120716
30-04-2014,41.79670,120716
29-04-2014,41.91520,120716
28-04-2014,42.19870,120716
25-04-2014,42.33650,120716
23-04-2014,42.70100,120716
22-04-2014,42.54550,120716
21-04-2014,42.55940,120716
17-04-2014,42.32870,120716
16-04-2014,41.68830,120716
15-04-2014,42.04570,120716
11-04-2014,42.31780,120716
10-04-2014,42.44290,120716
09-04-2014,42.44340,120716
07-04-2014,41.83260,120716
04-04-2014,41.83150,120716
03-04-2014,42.08700,120716
02-04-2014,42.18910,120716
01-04-2014,41.99500,120716
31-03-2014,41.89270,120716
28-03-2014,41.84470,120716
27-03-2014,41.51500,120716
26-03-2014,41.25610,120716
25-03-2014,41.18580,120716
24-03-2014,41.15800,120716
21-03-2014,40.57210,120716
20-03-2014,40.51100,120716
19-03-2014,40.76560,120716
18-03-2014,40.72130,120716
14-03-2014,40.64960,120716
13-03-2014,40.58270,120716
12-03-2014,40.73180,120716
11-03-2014,40.71310,120716
10-03-2014,40.86860,120716
07-03-2014,40.80610,120716
06-03-2014,40.02860,120716
05-03-2014,39.57900,120716
04-03-2014,39.39420,120716
03-03-2014,38.91570,120716
28-02-2014,39.26440,120716
26-02-2014,39.03110,120716
25-02-2014,38.79090,120716
24-02-2014,38.70550,120716
21-02-2014,38.51870,120716
20-02-2014,38.11940,120716
19-02-2014,38.50240,120716
18-02-2014,38.34470,120716
17-02-2014,38.01270,120716
14-02-2014,37.85350,120716
13-02-2014,37.56180,120716
12-02-2014,38.07640,120716
11-02-2014,37.94330,120716
10-02-2014,37.88500,120716
07-02-2014,37.94540,120716
06-02-2014,37.77910,120716
05-02-2014,37.69540,120716
04-02-2014,37.56460,120716
03-02-2014,37.57190,120716
31-01-2014,38.11630,120716
30-01-2014,38.00550,120716
29-01-2014,38.29420,120716
28-01-2014,38.33250,120716
27-01-2014,38.39350,120716
24-01-2014,39.20800,120716
23-01-2014,39.70340,120716
22-01-2014,39.66290,120716
21-01-2014,39.50150,120716
20-01-2014,39.44290,120716
17-01-2014,39.18010,120716
16-01-2014,39.53730,120716
15-01-2014,39.55320,120716
14-01-2014,39.06510,120716
13-01-2014,39.25790,120716
10-01-2014,38.63630,120716
09-01-2014,38.62060,120716
08-01-2014,38.66020,120716
07-01-2014,38.58560,120716
06-01-2014,38.76810,120716
03-01-2014,38.89430,120716
02-01-2014,38.95850,120716
01-01-2014,39.45680,120716
31-12-2013,39.47440,120716
30-12-2013,39.39670,120716
27-12-2013,39.54100,120716
26-12-2013,39.32670,120716
24-12-2013,39.26450,120716
23-12-2013,39.36550,120716
20-12-2013,39.30640,120716
19-12-2013,38.64280,120716
18-12-2013,38.95660,120716
17-12-2013,38.47150,120716
16-12-2013,38.57020,120716
13-12-2013,38.65990,120716
12-12-2013,39.08970,120716
11-12-2013,39.53270,120716
10-12-2013,39.69050,120716
09-12-2013,39.86860,120716
06-12-2013,39.22610,120716
05-12-2013,39.11070,120716
04-12-2013,38.61350,120716
03-12-2013,38.86930,120716
02-12-2013,38.97050,120716
29-11-2013,38.70480,120716
28-11-2013,38.17740,120716
27-11-2013,37.95740,120716
26-11-2013,37.96630,120716
25-11-2013,38.31260,120716
22-11-2013,37.57210,120716
21-11-2013,37.59090,120716
20-11-2013,38.35700,120716
19-11-2013,38.85350,120716
18-11-2013,38.76630,120716
14-11-2013,37.93990,120716
13-11-2013,37.52150,120716
12-11-2013,37.69520,120716
11-11-2013,38.07220,120716
08-11-2013,38.45660,120716
07-11-2013,38.74250,120716
06-11-2013,38.90810,120716
05-11-2013,39.13750,120716
01-11-2013,39.47690,120716
31-10-2013,39.42300,120716
30-10-2013,39.11590,120716
29-10-2013,38.92020,120716
28-10-2013,38.16980,120716
25-10-2013,38.44550,120716
24-10-2013,38.55270,120716
23-10-2013,38.63580,120716
22-10-2013,38.78540,120716
21-10-2013,38.79420,120716
18-10-2013,38.69620,120716
17-10-2013,37.80090,120716
15-10-2013,38.05010,120716
14-10-2013,38.19400,120716
11-10-2013,38.09120,120716
10-10-2013,37.62090,120716
09-10-2013,37.53380,120716
08-10-2013,37.03970,120716
07-10-2013,36.89840,120716
04-10-2013,36.90490,120716
03-10-2013,36.91640,120716
01-10-2013,36.11040,120716
30-09-2013,35.82870,120716
27-09-2013,36.44180,120716
26-09-2013,36.74790,120716
25-09-2013,36.69980,120716
24-09-2013,36.81640,120716
23-09-2013,36.80190,120716
20-09-2013,37.56750,120716
19-09-2013,38.22080,120716
18-09-2013,36.86670,120716
17-09-2013,36.56190,120716
16-09-2013,36.50150,120716
13-09-2013,36.56820,120716
12-09-2013,36.56950,120716
11-09-2013,36.96480,120716
10-09-2013,36.86390,120716
06-09-2013,35.53550,120716
05-09-2013,34.98120,120716
04-09-2013,34.07460,120716
03-09-2013,33.41870,120716
02-09-2013,34.70120,120716
30-08-2013,34.21810,120716
29-08-2013,33.82940,120716
28-08-2013,33.06770,120716
27-08-2013,33.08380,120716
26-08-2013,34.24940,120716
23-08-2013,34.22370,120716
22-08-2013,33.83520,120716
21-08-2013,33.18500,120716
20-08-2013,33.79490,120716
19-08-2013,33.87840,120716
16-08-2013,34.45310,120716
14-08-2013,35.90450,120716
13-08-2013,35.63820,120716
12-08-2013,35.08170,120716
08-08-2013,34.79770,120716
07-08-2013,34.51580,120716
06-08-2013,34.66010,120716
05-08-2013,35.54980,120716
02-08-2013,35.50770,120716
01-08-2013,35.81890,120716
31-07-2013,35.90820,120716
30-07-2013,35.98810,120716
29-07-2013,36.45360,120716
26-07-2013,36.80580,120716
25-07-2013,36.93670,120716
24-07-2013,37.46200,120716
23-07-2013,38.01190,120716
22-07-2013,37.72490,120716
19-07-2013,37.71160,120716
18-07-2013,37.77870,120716
17-07-2013,37.35700,120716
16-07-2013,37.24360,120716
15-07-2013,37.72030,120716
12-07-2013,37.57730,120716
11-07-2013,37.11380,120716
10-07-2013,36.37760,120716
09-07-2013,36.62290,120716
08-07-2013,36.32830,120716
05-07-2013,36.68430,120716
04-07-2013,36.48150,120716
03-07-2013,36.05960,120716
02-07-2013,36.60040,120716
01-07-2013,36.85940,120716
28-06-2013,36.51350,120716
27-06-2013,35.52580,120716
26-06-2013,34.91130,120716
25-06-2013,35.04010,120716
24-06-2013,34.92250,120716
21-06-2013,35.40770,120716
20-06-2013,35.33640,120716
19-06-2013,36.37170,120716
18-06-2013,36.31980,120716
17-06-2013,36.54700,120716
14-06-2013,36.29170,120716
13-06-2013,35.61740,120716
12-06-2013,35.96470,120716
11-06-2013,36.14440,120716
10-06-2013,36.69850,120716
07-06-2013,36.72060,120716
06-06-2013,36.97350,120716
05-06-2013,36.97400,120716
04-06-2013,36.94800,120716
03-06-2013,37.07210,120716
31-05-2013,37.36580,120716
30-05-2013,38.17010,120716
29-05-2013,37.97900,120716
28-05-2013,38.02380,120716
27-05-2013,37.82990,120716
24-05-2013,37.21270,120716
23-05-2013,37.11360,120716
22-05-2013,37.90950,120716
21-05-2013,38.03280,120716
20-05-2013,38.30060,120716
17-05-2013,38.49490,120716
16-05-2013,38.38770,120716
15-05-2013,38.24490,120716
14-05-2013,37.30760,120716
13-05-2013,37.21650,120716
10-05-2013,37.93330,120716
09-05-2013,37.62830,120716
08-05-2013,37.74920,120716
07-05-2013,37.59090,120716
06-05-2013,37.14010,120716
03-05-2013,36.97540,120716
02-05-2013,37.32270,120716
30-04-2013,36.89530,120716
29-04-2013,36.73480,120716
26-04-2013,36.53540,120716
25-04-2013,36.81660,120716
23-04-2013,36.32420,120716
22-04-2013,36.30990,120716
18-04-2013,35.99690,120716
17-04-2013,35.41230,120716
16-04-2013,35.41510,120716
15-04-2013,34.66830,120716
12-04-2013,34.42500,120716
11-04-2013,34.83200,120716
10-04-2013,34.61430,120716
09-04-2013,34.22240,120716
08-04-2013,34.51890,120716
05-04-2013,34.58730,120716
04-04-2013,34.72160,120716
03-04-2013,35.32880,120716
02-04-2013,35.79280,120716
01-04-2013,35.52540,120716
28-03-2013,35.39490,120716
26-03-2013,35.14490,120716
25-03-2013,35.09840,120716
22-03-2013,35.21040,120716
21-03-2013,35.24400,120716
20-03-2013,35.46220,120716
19-03-2013,35.78270,120716
18-03-2013,36.33870,120716
15-03-2013,36.56330,120716
14-03-2013,36.79020,120716
13-03-2013,36.43310,120716
12-03-2013,36.82550,120716
11-03-2013,37.00120,120716
08-03-2013,37.02830,120716
07-03-2013,36.52020,120716
06-03-2013,36.24450,120716
05-03-2013,36.03350,120716
04-03-2013,35.50500,120716
01-03-2013,35.63980,120716
28-02-2013,35.46700,120716
27-02-2013,36.11120,120716
26-02-2013,35.89240,120716
25-02-2013,36.47230,120716
22-02-2013,36.44840,120716
21-02-2013,36.46190,120716
20-02-2013,37.02620,120716
19-02-2013,37.00780,120716
18-02-2013,36.75130,120716
15-02-2013,36.68020,120716
14-02-2013,36.73600,120716
13-02-2013,36.96000,120716
12-02-2013,36.89670,120716
11-02-2013,36.74450,120716
08-02-2013,36.78440,120716
07-02-2013,37.00370,120716
06-02-2013,37.13170,120716
05-02-2013,37.11900,120716
04-02-2013,37.31410,120716
01-02-2013,37.38630,120716
31-01-2013,37.63330,120716
30-01-2013,37.76570,120716
29-01-2013,37.73070,120716
28-01-2013,37.88760,120716
25-01-2013,37.89050,120716
24-01-2013,37.54900,120716
23-01-2013,37.76750,120716
22-01-2013,37.72780,120716
21-01-2013,37.93950,120716
18-01-2013,37.83090,120716
17-01-2013,37.67580,120716
16-01-2013,37.44520,120716
15-01-2013,37.78590,120716
14-01-2013,37.58470,120716
11-01-2013,37.13660,120716
10-01-2013,37.24610,120716
09-01-2013,37.26490,120716
08-01-2013,37.45450,120716
07-01-2013,37.37300,120716
04-01-2013,37.54900,120716
03-01-2013,37.50880,120716
02-01-2013,37.40400,120716
